Date,Open,High,Low,Close
2020/3/30,124.47,135.42,124.06,132.06
2020/3/31,132.09,135,130.38,132.72
2020/4/1,132.72,136.99,128.62,135.69
2020/4/2,135.65,149.76,135.01,141.28
2020/4/3,141.27,146.72,137.26,141.31
2020/4/4,141.3,146.28,138.88,144.1
2020/4/5,144.1,145.58,140.68,142.68
2020/4/6,142.69,172,142.6,171.32
2020/4/7,171.32,176.22,162.22,164.63
2020/4/8,164.62,174.48,163.59,173.11
2020/4/9,173.15,173.38,165.19,169.52
2020/4/10,169.56,170.1,152.11,157.81
2020/4/11,157.81,161.37,153.91,158.33
2020/4/12,158.33,164.78,155,158.59
2020/4/13,158.56,158.97,150,156.29
2020/4/14,156.28,161.85,155.23,158.45
2020/4/15,158.46,161.29,152,152.73
2020/4/16,152.74,174.79,148.33,172.29
2020/4/17,172.31,174.96,168.31,170.69
2020/4/18,170.61,189.54,170.48,187.4
2020/4/19,187.4,188.35,175.75,180.03
2020/4/20,180.02,186.46,166.7,170.2
2020/4/21,170.21,174.7,168,170.74
2020/4/22,170.73,184,169.78,182.7
2020/4/23,182.7,193.63,178.16,185.51
2020/4/24,185.57,189.8,184.72,187.59
2020/4/25,187.6,198.36,185.76,194.21
2020/4/26,194.21,200,192.3,197.38
2020/4/27,197.39,199.05,189.29,196.34
2020/4/28,196.33,198.5,192.36,196.24
2020/4/29,196.24,218.77,196.22,215.36
2020/4/30,215.4,227.3,202,206.08
2020/5/1,206.07,217.14,205.91,212.02
2020/5/2,212.01,215.37,210.36,213.9
2020/5/3,213.89,219.3,203.92,209.86
2020/5/4,209.86,210.65,194.88,206.48
2020/5/5,206.47,211.68,201,205.29
2020/5/6,205.3,210.77,197.71,198.97
2020/5/7,198.92,215.1,196.43,212
2020/5/8,212.01,216.61,206.9,211.31
2020/5/9,211.32,214.6,208.4,210.07
2020/5/10,210.09,210.18,179.59,187.54
2020/5/11,187.62,193.5,176,185.73
2020/5/12,185.8,192.24,185.48,189.76
2020/5/13,189.77,201,188.35,199.58
2020/5/14,199.61,206.02,195.67,203.29
2020/5/15,203.29,204.08,191.66,194.86
2020/5/16,194.87,203.5,193.21,200.45
2020/5/17,200.44,209.85,199.68,207
2020/5/18,207.02,217.07,207,214.91
2020/5/19,214.92,215.95,209.45,214.58
2020/5/20,214.6,215.75,204.27,209.98
2020/5/21,209.99,211.64,191.71,198.74
2020/5/22,198.72,209.19,196.24,207.36
2020/5/23,207.36,211.2,204.55,206.6
2020/5/24,206.6,210.55,199.5,199.9
2020/5/25,199.9,205.67,198.01,204.15
2020/5/26,204.22,205,196.9,200.89
2020/5/27,200.92,208.44,200.76,208.29
2020/5/28,208.29,220.5,204.67,220.21
2020/5/29,220.24,224.79,217.57,220.67
2020/5/30,220.63,247,218.8,243.66
2020/5/31,243.71,245.39,229.58,231.57
2020/6/1,231.56,250.68,230.66,248.23
2020/6/2,248.23,253.8,225,237.71
2020/6/3,237.71,245,232.71,244.52
2020/6/4,244.54,246.6,236,243.21
2020/6/5,243.22,247.87,239.14,240.03
2020/6/6,240.04,244.7,237.83,241.94
2020/6/7,241.94,245.37,234.6,244.56
2020/6/8,244.57,247.7,240.59,246.4
2020/6/9,246.37,249.82,238,243.8
2020/6/10,243.79,250.28,242,247.78
2020/6/11,247.78,250.09,226.2,230.51
2020/6/12,230.46,239.38,228.19,237.55
2020/6/13,237.55,238.73,234.66,238.11
2020/6/14,238.13,238.59,229.83,231.77
2020/6/15,231.74,233.55,218.27,230.86
2020/6/16,230.86,236,228.7,235.3
2020/6/17,235.31,237.3,227.65,233.82
2020/6/18,233.82,234.65,227.93,231.27
2020/6/19,231.26,231.95,226.74,229
2020/6/20,229,230.85,225.62,228.89
2020/6/21,228.88,231.49,227.11,228.04
2020/6/22,228.03,246.89,227.51,243.13
2020/6/23,243.11,244.87,240.75,243.14
2020/6/24,243.15,249.24,231.07,234.58
2020/6/25,234.57,235.39,227.56,232.5
2020/6/26,232.49,233.61,227.75,229.64
2020/6/27,229.66,231.42,216,220.94
2020/6/28,220.94,227.96,218.32,224.93
2020/6/29,224.89,229.96,221.26,227.93
2020/6/30,227.98,228.7,222.91,225.6
2020/7/1,225.59,232.71,224.16,230.99
2020/7/2,230.99,232.01,222.87,226.46
2020/7/3,226.46,228.13,223.97,224.87
2020/7/4,224.86,230.71,224.43,229.17
2020/7/5,229.24,229.85,223.05,227.56
2020/7/6,227.54,242,226.93,241.6
2020/7/7,241.6,243.77,234.4,239.39
2020/7/8,239.39,248.88,237.78,246.95
2020/7/9,246.94,247.9,237.88,241.98
2020/7/10,241.97,242.16,235.72,241.26
2020/7/11,241.27,241.67,237.54,239.19
2020/7/12,239.19,244,236.52,242.79
2020/7/13,242.76,245.33,237.33,239.5
2020/7/14,239.5,242.09,237,240.44
2020/7/15,240.45,241.45,236.83,238.61
2020/7/16,238.59,239.39,230.02,233.57
2020/7/17,233.58,234.84,231.65,232.67
2020/7/18,232.66,236.8,232.32,235.67
2020/7/19,235.67,239.92,233.28,239.11
2020/7/20,239.12,239.72,234.05,236.01
2020/7/21,236,246.66,235.57,245.59
2020/7/22,245.53,269.61,241.51,263.74
2020/7/23,263.75,279.98,259.7,275.3
2020/7/24,275.31,287.34,266,279.15
2020/7/25,279.15,308.94,279.09,305.26
2020/7/26,305.31,318.75,299,311
2020/7/27,311.02,333.31,310.78,321.93
2020/7/28,321.95,326.8,305.86,316.77
2020/7/29,316.77,325,312.38,317.71
2020/7/30,317.76,342,314.05,334.87
2020/7/31,334.82,349.45,328.4,346.33
2020/8/1,346.32,392.67,343.07,387
2020/8/2,387.01,415.85,325,372.42
2020/8/3,372.45,398,366.5,385.94
2020/8/4,385.91,402.98,380.77,389.61
2020/8/5,389.59,407,384.11,400.72
2020/8/6,400.72,403.66,390.51,394.77
2020/8/7,394.77,398.26,362.85,379.34
2020/8/8,379.34,397.05,375.79,397.03
2020/8/9,397.05,400,383.36,390.14
2020/8/10,390.14,399.18,385.13,395.44
2020/8/11,395.43,398.21,367,379
2020/8/12,378.99,389.23,365.85,387.18
2020/8/13,387.18,431.49,376.59,424.54
2020/8/14,424.54,444.71,417.05,438.11
2020/8/15,438.12,442.94,427.02,432.32
2020/8/16,432.3,436.99,412.47,433.62
2020/8/17,433.61,446,420.37,430.89
2020/8/18,430.89,433.81,415,421.95
2020/8/19,421.92,426.75,393.25,407.46
2020/8/20,407.46,418.98,402.07,415.94
2020/8/21,415.94,418.68,385.1,387.97
2020/8/22,387.93,397.04,379.92,395.24
2020/8/23,395.23,396.95,383.15,390.71
2020/8/24,390.72,410.42,387.44,407.68
2020/8/25,407.68,409.06,370,382.93
2020/8/26,382.91,392.91,377.37,385.81
2020/8/27,385.81,397.1,371.48,383.27
2020/8/28,383.31,398,379.75,395.11
2020/8/29,395.1,405.69,391.88,398.65
2020/8/30,398.65,429.89,398.3,428.94
2020/8/31,428.94,439,418.04,433.79
2020/9/1,433.8,488.84,429.03,475.4
2020/9/2,475.4,481.39,420,439.5
2020/9/3,439.5,450.7,372,381.4
2020/9/4,381.35,400.21,357,385.26
2020/9/5,385.3,395,308.42,335.01
2020/9/6,335.04,360,316.1,352.8
2020/9/7,352.85,358.51,323,353.59
2020/9/8,353.59,356.58,325.38,337.39
2020/9/9,337.41,359,330.51,350.85
2020/9/10,350.85,377.25,349.91,367.93
2020/9/11,367.93,375.27,355.49,373.63
2020/9/12,373.62,388.57,364.73,387.78
2020/9/13,387.78,390.43,350,366.42
2020/9/14,366.43,384.64,355.73,377.12
2020/9/15,377.12,382.47,362.34,364.06
2020/9/16,364.05,373.45,355,365.11
2020/9/17,365.04,394.14,363.3,389.36
2020/9/18,389.35,392.58,375.33,384.39
2020/9/19,384.4,388.72,377,385.25
2020/9/20,385.25,385.45,365,371.04
2020/9/21,371.04,376.8,331,340.36
2020/9/22,340.31,346.91,335.34,344.21
2020/9/23,344.18,344.65,313.29,320.72
2020/9/24,320.72,353.1,316.67,348.97
2020/9/25,348.97,358,337.58,351.92
2020/9/26,351.93,356.4,345.88,353.92
2020/9/27,353.95,362.14,347.24,357.49
2020/9/28,357.58,368.2,351.7,353.96
2020/9/29,353.91,360.63,350.45,359.79
2020/9/30,359.78,361.5,351.56,359.83
2020/10/1,359.83,370.45,345.51,352.85
2020/10/2,352.83,354.55,334.24,345.6
2020/10/3,345.6,351,343.7,345.95
2020/10/4,345.94,354.45,343.81,352.37
2020/10/5,352.34,356.1,348.54,353.62
2020/10/6,353.63,355.1,336.8,340.75
2020/10/7,340.8,342.85,332.18,341.58
2020/10/8,341.58,353.32,334.21,350.95
2020/10/9,350.94,368.33,347.32,365.02
2020/10/10,365.01,378.4,364.71,370.52
2020/10/11,370.51,377.6,368.87,374.16
2020/10/12,374.17,394.8,365.58,386.51
2020/10/13,386.51,387.75,374.51,381.04
2020/10/14,381.05,387.41,373.13,378.69
2020/10/15,378.69,381.79,369.85,377.64
2020/10/16,377.63,379.83,361.18,365.5
2020/10/17,365.5,370.46,363.36,368.32
2020/10/18,368.31,378.64,367.1,378.11
2020/10/19,378.12,384.32,372.5,379.3
2020/10/20,379.3,380.73,365.27,368.52
2020/10/21,368.53,401.49,367.74,390.38
2020/10/22,390.31,420.73,390.21,413.98
2020/10/23,413.94,419.33,401.3,409.11
2020/10/24,409.19,416.66,407,412.14
2020/10/25,412.14,417.4,402.5,405.86
2020/10/26,405.85,411.11,382.3,392.52
2020/10/27,392.52,410.25,389.9,403.45
2020/10/28,403.41,409.2,380.52,388.23
2020/10/29,388.22,393.72,380.52,387.13
2020/10/30,387.12,391.97,373.29,382.49
2020/10/31,382.59,394.88,379.9,386.46
2020/11/1,386.44,398.29,384.61,396.67
2020/11/2,396.68,404.5,377.92,383.02
2020/11/3,383.01,390,370.23,387.88
2020/11/4,387.88,408.39,376.47,402.49
2020/11/5,402.5,420.4,396.14,416.69
2020/11/6,416.73,458.27,414.76,455.91
2020/11/7,455.91,468.28,424.14,435.21
2020/11/8,435.2,460.1,431.99,454.3
2020/11/9,454.29,459.1,433.09,444.32
2020/11/10,444.32,455,438.7,450.34
2020/11/11,450.34,476.25,449.28,463.09
2020/11/12,463.09,470,451.2,462.39
2020/11/13,462.48,478.01,457.12,476.43
2020/11/14,476.42,477.47,452,460.89
2020/11/15,460.9,462.89,440.19,448.08
2020/11/16,448.07,466,445.45,460.55
2020/11/17,460.51,484.88,459.8,482.15
2020/11/18,482.11,495.31,456.6,478.41
2020/11/19,478.43,480.75,464.86,471.25
2020/11/20,471.26,514.4,470.65,510.12
2020/11/21,510.12,553.32,502.82,552.35
2020/11/22,552.42,580.88,511.28,560.03
2020/11/23,560.03,610.85,550.12,608.58
2020/11/24,608.58,623,585,604.97
2020/11/25,604.98,606,553.83,569.5
2020/11/26,569.38,577.14,481,519.83
2020/11/27,519.83,530.62,493.72,518.68
2020/11/28,518.59,547.94,506.59,537.52
2020/11/29,537.5,576.9,530.32,576.3
2020/11/30,576.32,616.85,570.07,616.66
2020/12/1,616.65,635.7,560,585.26
2020/12/2,585.26,604.93,575,596.89
2020/12/3,596.88,623.44,585.82,615.85
2020/12/4,615.84,620,565.82,567.24
2020/12/5,567.24,597.11,560.88,596.8
2020/12/6,596.82,607.5,583,601.54
2020/12/7,601.59,603.15,584.22,591.28
2020/12/8,591.27,595,549.22,554.94
2020/12/9,554.92,578.08,530.43,573.09
2020/12/10,573.2,575.7,548.11,558.99
2020/12/11,558.99,560.8,535.5,544.43
2020/12/12,544.46,574,543.1,568.04
2020/12/13,568.09,595,563.22,590.7
2020/12/14,590.81,591.48,575.6,586.29
2020/12/15,586.29,597.2,578.58,588.64
2020/12/16,588.78,640,580.71,637.18
2020/12/17,637.18,676.25,625.76,642.7
2020/12/18,642.71,664.61,629.4,653.85
2020/12/19,653.76,669.95,645.42,658.03
2020/12/20,658.05,661.39,621.01,638.18
2020/12/21,638.1,648,595.9,607.58
2020/12/22,607.68,637.73,588,636.45
2020/12/23,636.41,638.44,551.28,585.56
2020/12/24,585.48,615.02,565.43,612.31
2020/12/25,612.31,634.24,604.28,626.82
2020/12/26,626.78,652.91,615.26,637.44
2020/12/27,637.44,717.13,625,685.11
2020/12/28,685.1,748.09,681.04,730.41
2020/12/29,730.4,740.78,689.2,732
2020/12/30,732,758.74,716.62,752.17
2020/12/31,752.17,755.74,722,736.42
2021/1/1,736.42,749,714.29,728.91
2021/1/2,728.91,787.69,714.91,774.56
2021/1/3,774.44,1011.07,768.71,978.28
2021/1/4,978.33,1162.97,890,1041.43
2021/1/5,1041.45,1134.6,974.45,1099.56
2021/1/6,1100.16,1213,1057.26,1208.42
2021/1/7,1208.75,1289,1131,1224.87
2021/1/8,1224.86,1273.75,1065,1216.93
2021/1/9,1216.72,1304.37,1171.36,1276
2021/1/10,1276,1348.33,1170,1254.25
2021/1/11,1254.24,1260,915,1087.01
2021/1/12,1087,1150.02,1006.33,1050.16
2021/1/13,1050.36,1137.65,987.48,1129.89
2021/1/14,1129.79,1247.55,1086.7,1231.62
2021/1/15,1231.89,1256.98,1069.42,1168.53
2021/1/16,1168.48,1298,1151.77,1227.83
2021/1/17,1227.83,1269.02,1165,1232.45
2021/1/18,1232.5,1260.75,1182.58,1258.45
2021/1/19,1258.52,1438.3,1251.49,1365.36
2021/1/20,1365.36,1407.93,1235.42,1376.99
2021/1/21,1376.72,1390,1086,1110.96
2021/1/22,1111.98,1273.79,1042.31,1232.62
2021/1/23,1232.61,1272.44,1195.9,1233.6
2021/1/24,1233.46,1398.83,1220,1392.51
2021/1/25,1392.19,1475,1293.69,1317.88
2021/1/26,1317.6,1378.49,1244.56,1365.97
2021/1/27,1366.54,1373.9,1207,1239.03
2021/1/28,1238.93,1360,1217.23,1329.69
2021/1/29,1329.44,1436.9,1285.35,1379.5
2021/1/30,1379.56,1406,1326.41,1378.05
2021/1/31,1378.04,1380.74,1281.12,1312.55
2021/2/1,1312.45,1377.99,1269.99,1374.17
2021/2/2,1374.09,1547.9,1360.28,1511.87
2021/2/3,1511.93,1669.35,1508.39,1664.49
2021/2/4,1664.67,1695.2,1554.44,1595.67
2021/2/5,1595.53,1760.49,1591,1719.19
2021/2/6,1718.95,1743.67,1642.94,1676.35
2021/2/7,1676.35,1693,1490.46,1611.62
2021/2/8,1611.46,1775.57,1563.89,1750.15
2021/2/9,1749.68,1821.88,1708.49,1769.13
2021/2/10,1769.14,1837.86,1680,1740.78
2021/2/11,1740.76,1819,1703.44,1785.62
2021/2/12,1785.83,1864.88,1739.88,1840.26
2021/2/13,1840.24,1871.72,1765,1814.96
2021/2/14,1815.25,1850,1784.11,1800.42
2021/2/15,1800.03,1835.72,1655.67,1779.25
2021/2/16,1779.33,1827.28,1724,1781.99
2021/2/17,1781.99,1855,1733.01,1849.88
2021/2/18,1849.7,1950.5,1849.69,1939.61
2021/2/19,1938.91,1972.82,1891,1955
2021/2/20,1955.46,2042.34,1803.14,1913
2021/2/21,1912.9,1976.31,1883.01,1933.53
2021/2/22,1933.54,1936.29,1551,1777.58
2021/2/23,1777.42,1782.39,1355,1577.89
2021/2/24,1577.79,1712.7,1500.2,1623.39
2021/2/25,1623.16,1671.59,1459.16,1481.75
2021/2/26,1482.08,1562.25,1400,1444.59
2021/2/27,1444.56,1529,1425,1458.13
2021/2/28,1458.27,1468.75,1293.18,1419.18
2021/3/1,1418.67,1572,1409.91,1569.86
2021/3/2,1570,1602.9,1455.52,1486.78
2021/3/3,1486.79,1656.94,1475.47,1567.69
2021/3/4,1567.68,1624.87,1506.36,1539.23
2021/3/5,1539.22,1548.96,1441.66,1528.31
2021/3/6,1528.08,1671.58,1513.03,1650.35
2021/3/7,1650.68,1734.16,1630.35,1726.16
2021/3/8,1726.46,1843.59,1664.96,1833.18
2021/3/9,1833.22,1870.77,1798.2,1870.51
2021/3/10,1870.5,1877.69,1757,1795.12
2021/3/11,1795.28,1846.7,1725,1825.78
2021/3/12,1825.78,1841.88,1719.72,1766.1
2021/3/13,1766.13,1944.3,1727.75,1922.35
2021/3/14,1922.35,1933.1,1836,1848.1
2021/3/15,1848.1,1891.76,1730,1793.48
2021/3/16,1793.99,1819.5,1711.68,1805.12
2021/3/17,1805.01,1838.88,1741.18,1823.58
2021/3/18,1823.58,1850,1759.04,1776.08
2021/3/19,1775.92,1840.61,1733.47,1809.1
2021/3/20,1809.01,1868.83,1800.86,1806.1
2021/3/21,1806.57,1817.16,1747,1782.98
2021/3/22,1783.23,1807.51,1655.15,1680.97
2021/3/23,1681.17,1721.17,1650,1668.08
2021/3/24,1668.2,1740.86,1536.92,1581.84
2021/3/25,1581.88,1622,1549.4,1585.74
2021/3/26,1585.83,1699.93,1585.79,1698.84
2021/3/27,1698.84,1732.67,1666.41,1712.63
2021/3/28,1712.52,1725.66,1661.4,1687.01
2021/3/29,1687.16,1841,1677.85,1816.74
2021/3/30,1816.76,1859.13,1786.3,1840.46
2021/3/31,1840.41,1947.29,1768.15,1919.37
2021/4/1,1919.37,1984.77,1885.02,1968.05
2021/4/2,1968.05,2146,1948.48,2133.69
2021/4/3,2133.69,2138.12,1996.3,2008.52
2021/4/4,2008.59,2091.83,1975.24,2075.69
2021/4/5,2075.7,2130.64,2002.15,2107.38
2021/4/6,2107.43,2151,2044.65,2112.21
2021/4/7,2112.22,2129.01,1930.01,1963.47
2021/4/8,1963.46,2084.61,1947.35,2080.46
2021/4/9,2080.39,2100,2047.57,2066.87
2021/4/10,2067.19,2200,2058,2133.49
2021/4/11,2133.49,2165.02,2113.4,2151.36
2021/4/12,2151.42,2203.46,2102,2137.69
2021/4/13,2137.86,2318,2135.53,2299.19
2021/4/14,2299.19,2447.29,2281.33,2432.6
2021/4/15,2432.59,2543.47,2400,2514.04
2021/4/16,2514.04,2548.29,2300,2422.67
2021/4/17,2422.38,2495,2310,2317.6
2021/4/18,2317.65,2340,1946.8,2235.64
2021/4/19,2235.65,2300,2080,2161.12
2021/4/20,2161.12,2346.62,2055,2330.03
2021/4/21,2330.26,2469.54,2235.16,2357.06
2021/4/22,2357.06,2644.47,2303.44,2397.94
2021/4/23,2397.94,2442.89,2107,2367.39
2021/4/24,2367.39,2368.74,2154.8,2213.35
2021/4/25,2214.08,2356.64,2168,2320.49
2021/4/26,2320.44,2542.8,2303.64,2532.6
2021/4/27,2532.06,2680,2480.29,2666.13
2021/4/28,2666.13,2760,2559.44,2748.24
2021/4/29,2748.23,2798,2668,2757.04
2021/4/30,2757.04,2798.3,2723.09,2772.42
2021/5/1,2772.42,2954.28,2743.41,2944.77
2021/5/2,2944.83,2985,2852.26,2949.56
2021/5/3,2949.33,3454,2949.32,3431.04
2021/5/4,3431.04,3527,3160,3239.01
2021/5/5,3239.01,3549.34,3200.23,3524.26
2021/5/6,3524.33,3605.4,3376.47,3489.73
2021/5/7,3489.74,3587,3353.23,3479.53
2021/5/8,3479.79,3958.33,3449.27,3910.26
2021/5/9,3910.26,3983.65,3726.08,3923.95
2021/5/10,3923.95,4208,3650,3945.88
2021/5/11,3946.63,4180.22,3771.64,4173.45
2021/5/12,4173.46,4372.72,3701.58,3823.21
2021/5/13,3810.15,4034.77,3500,3717.91
2021/5/14,3717.92,4173.28,3691.35,4075.01
2021/5/15,4075.02,4134.05,3632,3646.68
2021/5/16,3646.24,3879,3343.06,3582.1
2021/5/17,3581.81,3587.06,3102,3282.51
2021/5/18,3282.25,3565.71,3240,3375.07
2021/5/19,3375.08,3441.73,1888,2438.92
2021/5/20,2438.92,2990.05,2155,2768.62
2021/5/21,2767.87,2938.54,2101,2430.98
2021/5/22,2430.98,2485,2145,2294.87
2021/5/23,2295.45,2381.57,1728.74,2096.39
2021/5/24,2096.63,2675,2079.94,2648.43
2021/5/25,2647.92,2750,2378.54,2705.11
2021/5/26,2705.1,2910,2643,2884.94
2021/5/27,2884.82,2889.74,2633.68,2742.23
2021/5/28,2742.23,2762.45,2327.38,2412.1
2021/5/29,2412.34,2574.27,2204.1,2278.74
2021/5/30,2278.74,2476.42,2180.53,2385.98
2021/5/31,2385.82,2720,2271.44,2706.15
2021/6/1,2706.15,2740,2523.74,2634.57
2021/6/2,2634.31,2802.99,2550,2706.22
2021/6/3,2706.21,2891.95,2662.4,2857.25
2021/6/4,2857.25,2860,2552,2689.51
2021/6/5,2689.54,2816.87,2552.23,2627.73
2021/6/6,2627.63,2745,2614,2711.92
2021/6/7,2711.92,2847.55,2570,2592.05
2021/6/8,2592.05,2620.99,2304.91,2507.23
2021/6/9,2507.43,2626.63,2405.28,2610.18
2021/6/10,2610.2,2624.46,2425.11,2471.09
2021/6/11,2471.01,2497.99,2321.37,2354.01
2021/6/12,2354.09,2454.53,2256.22,2370.74
2021/6/13,2370.64,2548.41,2308.41,2509.33
2021/6/14,2509.33,2609.17,2461,2580.77
2021/6/15,2580.58,2640,2507.7,2543.54
2021/6/16,2543.55,2556.19,2351.18,2367.89
2021/6/17,2368.02,2460.5,2306,2373.28
2021/6/18,2373.28,2378,2139,2234.09
2021/6/19,2234.09,2278.82,2161.67,2164.67
2021/6/20,2165.34,2280.01,2040.68,2243.47
2021/6/21,2243.49,2260.16,1865.54,1885.49
2021/6/22,1885.27,1998,1700.48,1879.28
2021/6/23,1879.29,2045,1821.95,1968.14
2021/6/24,1967.95,2036.61,1884.79,1989.52
2021/6/25,1989.53,2019.99,1791.22,1808.82
2021/6/26,1808.97,1852.8,1717.32,1829.64
2021/6/27,1829.84,1984.5,1804.26,1982.28
2021/6/28,1982.27,2145,1960.52,2084.41
2021/6/29,2084.42,2245,2073.57,2165.33
2021/6/30,2165.46,2287.78,2087.99,2275.68
2021/7/1,2275.68,2275.93,2073.12,2106.41
2021/7/2,2106.41,2160,2018.5,2154.13
2021/7/3,2153.95,2240,2112.01,2226.99
2021/7/4,2226.99,2389.93,2189.58,2322.69
2021/7/5,2322.69,2324.64,2157.32,2196.53
2021/7/6,2196.85,2350,2193,2322.5
2021/7/7,2322.51,2409,2291.9,2316.57
2021/7/8,2316.25,2325.6,2084.79,2116.33
2021/7/9,2116.32,2189.4,2046.51,2146.99
2021/7/10,2146.99,2194.82,2074.16,2110.69
2021/7/11,2110.68,2174,2081.02,2140.45
2021/7/12,2140.54,2167.83,2006.68,2031.58
2021/7/13,2031.57,2047.35,1918,1940.15
2021/7/14,1940.44,2019.18,1865,1994.58
2021/7/15,1994.41,2042.88,1881,1919.51
2021/7/16,1919.54,1965,1850,1876.26
2021/7/17,1876.47,1919.19,1844.45,1899.59
2021/7/18,1899.5,1993.79,1877.1,1891.64
2021/7/19,1891.65,1919,1805,1818.73
2021/7/20,1818.73,1841.34,1706,1786.03
2021/7/21,1786.03,2035.23,1747.55,1995.5
2021/7/22,1995.5,2046,1947.62,2024.56
2021/7/23,2024.27,2130.9,1993.22,2124.25
2021/7/24,2124.26,2199.5,2105.58,2184.75
2021/7/25,2184.9,2197.41,2105.93,2189.79
2021/7/26,2189.82,2433.65,2171.57,2228.08
2021/7/27,2227.81,2319.26,2150.5,2299.49
2021/7/28,2299.47,2345,2243.15,2300.9
2021/7/29,2300.9,2400,2266.12,2382.92
2021/7/30,2382.93,2471.7,2315.92,2461.81
2021/7/31,2461.77,2553.86,2420.68,2531.05
2021/8/1,2531.1,2697.61,2511.24,2555.69
2021/8/2,2555.5,2666,2507,2606.93
2021/8/3,2606.92,2632.44,2442.32,2509.04
2021/8/4,2508.51,2772.71,2457.68,2724.78
2021/8/5,2724.55,2843.98,2529.91,2826.99
2021/8/6,2827.01,2946.75,2720.06,2891.58
2021/8/7,2891.54,3171,2865.5,3160.31
2021/8/8,3160.48,3189.99,2949.03,3011.85
2021/8/9,3011.84,3186,2893.23,3160.52
2021/8/10,3160.51,3233,3051.22,3141.66
2021/8/11,3141.14,3274,3120.27,3160.5
2021/8/12,3160.4,3239,2979.29,3045.96
2021/8/13,3046.11,3327.83,3033.8,3322.32
2021/8/14,3322.33,3330.98,3200,3263.16
2021/8/15,3263.16,3320,3111.13,3307.09
2021/8/16,3307.35,3335,3135.22,3146.53
2021/8/17,3147.18,3290,2991.89,3011.72
2021/8/18,3011.73,3125.81,2950,3014.55
2021/8/19,3014.18,3188,2958.33,3184.12
2021/8/20,3184.11,3300,3177.16,3284.82
2021/8/21,3284.81,3309.16,3207,3223.43
2021/8/22,3223.36,3272,3126.42,3238
2021/8/23,3238,3377.89,3230.02,3321.28
2021/8/24,3321.28,3357.85,3147.31,3170.62
2021/8/25,3170.63,3248,3080,3226.87
2021/8/26,3226.88,3250,3053.3,3093.2
2021/8/27,3093.06,3280,3060.18,3273.45
2021/8/28,3273.89,3287,3210.31,3244.48
2021/8/29,3244.75,3285,3152.34,3223.47
2021/8/30,3223.47,3347.95,3143,3229.64
2021/8/31,3229.14,3476,3188.77,3429.2
2021/9/1,3429.19,3842,3382.22,3826.82
2021/9/2,3826.82,3836.8,3717.04,3785.82
2021/9/3,3785.82,4027.88,3705.05,3938.11
2021/9/4,3938.11,3970,3832.5,3885.52
2021/9/5,3885.61,3980,3830,3950.29
2021/9/6,3950.28,3970,3864.3,3926.77
2021/9/7,3926.67,3947.15,3005,3434.57
2021/9/8,3434.84,3560,3215.16,3499
2021/9/9,3499.01,3567.06,3390.4,3424.93
2021/9/10,3424.94,3514.11,3150,3208.86
2021/9/11,3208.85,3348.37,3200,3267.21
2021/9/12,3267.1,3474.16,3231.1,3404.21
2021/9/13,3404.3,3430.3,3108.49,3285.35
2021/9/14,3285.09,3437.05,3269.95,3434.37
2021/9/15,3434.37,3616.16,3357.78,3613.55
2021/9/16,3613.55,3676.28,3481.14,3567.98
2021/9/17,3567.97,3594.17,3350.07,3399.81
2021/9/18,3399.89,3541.96,3368.88,3435.64
2021/9/19,3435.64,3456.53,3277.74,3328.62
2021/9/20,3328.57,3347.82,2913.39,2977.28
2021/9/21,2977.32,3105.83,2652,2765.9
2021/9/22,2766.72,3088.88,2737.54,3076.92
2021/9/23,3076.92,3174.5,3033.85,3152.5
2021/9/24,3152.41,3158.52,2733,2928.53
2021/9/25,2928.22,2967.52,2801.57,2921.73
2021/9/26,2921.84,3115.51,2738.17,3059.37
2021/9/27,3059.36,3164.94,2922.71,2925.59
2021/9/28,2924.76,2970.82,2789,2804.91
2021/9/29,2805.15,2950,2782,2850.45
2021/9/30,2850.45,3048.42,2837.19,3000.61
2021/10/1,3000.62,3330,2969.07,3309.91
2021/10/2,3309.91,3469,3257,3387.76
2021/10/3,3387.77,3488,3342.51,3417.73
2021/10/4,3417.73,3437.19,3270,3386.31
2021/10/5,3386.31,3545,3363.78,3515.27
2021/10/6,3515.48,3632.11,3342,3574.89
2021/10/7,3574.88,3653.98,3470.8,3587.47
2021/10/8,3587.47,3695,3532,3563.13
2021/10/9,3563.13,3635,3538.07,3574.82
2021/10/10,3574.83,3604,3405,3414.22
2021/10/11,3414.22,3623.8,3371,3542.12
2021/10/12,3542.12,3547.11,3403.21,3491.46
2021/10/13,3491.43,3613,3412.7,3607.42
2021/10/14,3607.41,3824,3586.04,3790.82
2021/10/15,3790.82,3907.77,3734.1,3868.99
2021/10/16,3868.38,3971,3803.56,3829.96
2021/10/17,3829.96,3919.19,3640,3846.85
2021/10/18,3847,3893.14,3676,3744.96
2021/10/19,3744.96,3886.89,3732,3877.03
2021/10/20,3876.98,4169,3828.05,4161.15
2021/10/21,4161.37,4375,4013.13,4052.99
2021/10/22,4053,4167.41,3888,3972.2
2021/10/23,3972.19,4172,3937.51,4167.12
2021/10/24,4167.13,4186.57,3961.5,4082.33
2021/10/25,4082.33,4236,4067.71,4220.37
2021/10/26,4220.36,4297,4090.21,4131.52
2021/10/27,4131.52,4307,3909,3922
2021/10/28,3921.99,4295,3890.17,4286.02
2021/10/29,4286.01,4460.47,4265.97,4418.89
2021/10/30,4418.89,4434.06,4232.2,4322.68
2021/10/31,4322.68,4399.14,4164.35,4287.21
2021/11/1,4287.48,4386.58,4146.3,4319.43
2021/11/2,4319.43,4599.6,4284.43,4589.89
2021/11/3,4589.68,4665.87,4455,4603.35
2021/11/4,4603.35,4606.65,4420.08,4532.32
2021/11/5,4532.31,4570.05,4438.8,4474.24
2021/11/6,4474.24,4530,4326.17,4518
2021/11/7,4518,4637.98,4502.37,4612.59
2021/11/8,4612.59,4822.97,4612,4807.98
2021/11/9,4807.98,4838.28,4713.89,4732.33
2021/11/10,4732.33,4868,4461.93,4628.78
2021/11/11,4628.68,4779,4576.47,4719
2021/11/12,4719,4809.71,4507.85,4665.46
2021/11/13,4665.47,4707.6,4584.08,4644.28
2021/11/14,4644.27,4696.05,4514.12,4626.5
2021/11/15,4626.5,4772.01,4540,4563.78
2021/11/16,4563.77,4563.77,4103,4209.76
2021/11/17,4209.59,4299.91,4063.48,4287.8
2021/11/18,4288.07,4344.81,3956.44,3996.9
2021/11/19,3996.9,4308.97,3973.01,4294.76
2021/11/20,4294.75,4435.88,4199.86,4412.17
2021/11/21,4412.17,4451,4242.41,4258.31
2021/11/22,4259.7,4320,4022.74,4085.97
2021/11/23,4086.28,4385.59,4059.62,4339.44
2021/11/24,4339.45,4373.94,4167.65,4269.36
2021/11/25,4270.1,4550,4248.27,4524.85
2021/11/26,4524.48,4551,3913,4041.2
2021/11/27,4041.2,4183.66,4028.34,4095.29
2021/11/28,4095.29,4298.51,3964,4294.78
2021/11/29,4294.77,4458.92,4276.89,4444.53
2021/11/30,4444.54,4753,4346.36,4630.26
2021/12/1,4630.25,4778.75,4523.99,4582.95
2021/12/2,4582.95,4634.83,4433,4511.21
2021/12/3,4511.35,4654.88,4032.5,4215.73
2021/12/4,4215.01,4238.59,3503.68,4117.25
2021/12/5,4117.25,4248.19,4031.39,4196.44
2021/12/6,4196.44,4376.15,3921,4347.59
2021/12/7,4347.57,4425,4255.92,4306.4
2021/12/8,4306.4,4450.49,4222.95,4436.91
2021/12/9,4436.91,4488,4076.16,4105.64
2021/12/10,4105.64,4231.08,3887.37,3897.94
2021/12/11,3898.31,4097.08,3828.22,4089.37
2021/12/12,4089.68,4173.63,3986.25,4130
2021/12/13,4130,4142.75,3671.45,3781.93
2021/12/14,3781.92,3882.74,3685,3858.99
2021/12/15,3858.99,4092.22,3643.73,4019.08
2021/12/16,4019.54,4113.43,3942.11,3958.11
2021/12/17,3959.11,3994.1,3700,3875.42
2021/12/18,3875.43,3996.93,3767.01,3959.93
2021/12/19,3959.93,4032.43,3884,3924.14
2021/12/20,3924.14,3983.37,3753,3944.73
2021/12/21,3944.72,4063,3913.21,4014.15
2021/12/22,4014.41,4074.87,3933.4,3979.51
2021/12/23,3979.51,4150,3893.23,4111.41
2021/12/24,4111.41,4134.84,4017.17,4046.36
2021/12/25,4046.35,4137.91,4018.62,4094.83
2021/12/26,4094.36,4105,4000,4063.56
2021/12/27,4063.57,4127.46,4031,4037.23
2021/12/28,4037.22,4037.23,3759.36,3792.75
2021/12/29,3792.75,3827.78,3604.2,3630.19
2021/12/30,3630.18,3769.1,3585,3709.27
2021/12/31,3709.27,3815,3622.29,3676.23
2022/1/1,3676.22,3776.45,3673.46,3765.54
2022/1/2,3765.54,3857.44,3717.3,3828.27
2022/1/3,3828.11,3853.09,3680,3765.89
2022/1/4,3765.89,3900.73,3713.11,3785.11
2022/1/5,3785.1,3848,3415,3540.63
2022/1/6,3539.82,3550.43,3300,3406.81
2022/1/7,3406.81,3416.76,3064.42,3199.24
2022/1/8,3198.68,3250,3000,3080.95
2022/1/9,3080.98,3211.72,3057.35,3151.97
2022/1/10,3151.97,3185,2928.83,3082.68
2022/1/11,3082.87,3263.54,3051.8,3239.72
2022/1/12,3239.73,3411.43,3206.2,3371.26
2022/1/13,3371.6,3410,3233.43,3240.61
2022/1/14,3240.61,3342.79,3188,3307.42
2022/1/15,3307.42,3371.64,3261,3326.04
2022/1/16,3326.51,3393.6,3269.62,3346.88
2022/1/17,3346.89,3357.57,3141.1,3209.67
2022/1/18,3209.68,3243.87,3082,3159.85
2022/1/19,3159.85,3174.87,3000,3084.02
2022/1/20,3084.02,3273.37,2987.15,3001.48
2022/1/21,3001.48,3034.12,2403,2568.15
2022/1/22,2567.47,2626,2300,2412.18
2022/1/23,2412.18,2556.78,2370.8,2539.01
2022/1/24,2539,2539.75,2159,2439.29
2022/1/25,2439.56,2506.55,2348.96,2458.83
2022/1/26,2459.04,2722,2402.03,2462.99
2022/1/27,2463,2521,2316.43,2424.25
2022/1/28,2424.02,2558.98,2357.88,2544.99
2022/1/29,2544.99,2636.66,2520.01,2601.43
2022/1/30,2601.43,2640,2542.5,2601.68
2022/1/31,2601.67,2706.77,2476.07,2686.94
2022/2/1,2686.94,2813,2673.52,2787.23
2022/2/2,2787.48,2810.88,2612.72,2680.67
2022/2/3,2680.25,2726.64,2576.05,2695.46
2022/2/4,2695.21,2995,2671.4,2994.99
2022/2/5,2994.99,3060.47,2958.01,3012.65
2022/2/6,3012.64,3074.56,2950.21,3054.99
2022/2/7,3055,3186,2991.8,3139.77
2022/2/8,3139.77,3232.87,3025.21,3116.69
2022/2/9,3116.69,3269.7,3055,3243.94
2022/2/10,3243.6,3283.66,3056.74,3072.49
2022/2/11,3072.36,3138.62,2879,2927.54
2022/2/12,2927.54,2985.98,2858.3,2918.88
2022/2/13,2918.58,2954.4,2836.7,2871.13
2022/2/14,2871.14,2964.97,2829.01,2929.75
2022/2/15,2929.75,3196.19,2912.06,3183.52
2022/2/16,3183.53,3186.77,3044.03,3122.3
2022/2/17,3122.31,3160,2851.55,2891.87
2022/2/18,2891.88,2943.97,2750,2779.48
2022/2/19,2779.3,2830.96,2694.45,2763.63
2022/2/20,2763.63,2764.64,2576,2621.99
2022/2/21,2621.99,2759.51,2558,2568.02
2022/2/22,2568.03,2665.74,2500,2636.29
2022/2/23,2636.28,2753.55,2575.83,2579.71
2022/2/24,2579.7,2740,2300,2596.2
2022/2/25,2596.26,2834.97,2571.72,2768.49
2022/2/26,2768.05,2878,2727.5,2779.47
2022/2/27,2779.47,2836.33,2557.98,2616.79
2022/2/28,2616.79,2951.6,2568.62,2920.95
2022/3/1,2920.83,3037.94,2854.09,2976.33
2022/3/2,2976.33,3043.91,2914.21,2947.3
2022/3/3,2947.31,2970.97,2785,2833.99
2022/3/4,2834,2836.17,2573,2622.1
2022/3/5,2622.11,2685.12,2589.38,2665.15
2022/3/6,2665.16,2676.29,2535,2551.29
2022/3/7,2551.3,2649,2445,2491.12
2022/3/8,2491.12,2624,2480.15,2575.97
2022/3/9,2575.98,2775.85,2567.7,2726.98
2022/3/10,2726.98,2733.25,2550.27,2606.7
2022/3/11,2606.69,2676.78,2522.57,2556.86
2022/3/12,2556.86,2616.79,2553.39,2568.8
2022/3/13,2568.8,2603.32,2493,2515.65
2022/3/14,2515.66,2609.6,2498.67,2589.41
2022/3/15,2589.42,2669,2507,2617.73
2022/3/16,2617.74,2788,2603.38,2773.81
2022/3/17,2773.8,2836,2746.42,2811.92
2022/3/18,2811.91,2984,2765.59,2938.92
2022/3/19,2938.84,2987.7,2890.86,2950.84
2022/3/20,2950.85,2964.17,2817.21,2861.38
2022/3/21,2861.39,2960.57,2829.81,2890.03
2022/3/22,2890.03,3052.85,2886.43,2969.64
2022/3/23,2969.64,3045.2,2920.65,3036
2022/3/24,3035.99,3129.11,2999.11,3110.76
2022/3/25,3110.75,3193.28,3076,3102.14
2022/3/26,3102.13,3153.2,3084.9,3145
2022/3/27,3145.01,3299.37,3126.02,3295.65
2022/3/28,3295.65,3431.15,3275.01,3332.92
2022/3/29,3332.91,3481.87,3329.68,3400.51
2022/3/30,3400.51,3446.9,3331.84,3385.79
2022/3/31,3385.8,3444.83,3261.35,3281.51
2022/4/1,3281.51,3481.29,3210.68,3455.21
2022/4/2,3455.2,3532.2,3433.14,3443.77
2022/4/3,3443.77,3580.34,3412.11,3521.91
2022/4/4,3521.9,3547,3405.97,3519.5
2022/4/5,3519.5,3555,3400,3406.99
2022/4/6,3407,3407.5,3162.39,3168.51
2022/4/7,3168.52,3268.98,3143.15,3227.19
2022/4/8,3227.2,3314.02,3173.52,3192.39
2022/4/9,3192.39,3268.4,3181.28,3258.57
2022/4/10,3258.57,3307.22,3193,3203.04
2022/4/11,3203.04,3213.63,2950,2979.74
2022/4/12,2979.75,3085,2950,3027.66
2022/4/13,3027.65,3128.97,2996.86,3118.28
2022/4/14,3118.28,3145,2976.3,3021.98
2022/4/15,3021.98,3060.92,2993.13,3040.56
2022/4/16,3040.57,3086.1,3010.03,3059.3
2022/4/17,3059.3,3083,2981.7,2988.06
2022/4/18,2988.07,3069.6,2883.22,3055.56
2022/4/19,3055.56,3131,3030.34,3101.77
2022/4/20,3101.74,3166.5,3036.45,3076.04
2022/4/21,3076.03,3180,2942.31,2983.58
2022/4/22,2983.57,3034.32,2930.35,2962.39
2022/4/23,2962.39,2978.03,2913.89,2933.03
2022/4/24,2933.04,2967.06,2912.09,2921
2022/4/25,2920.99,3025.65,2797.01,3006.62
2022/4/26,3006.63,3039.54,2767,2809.67
2022/4/27,2809.68,2919.87,2794.46,2888.96
2022/4/28,2888.95,2980,2853.83,2936.93
2022/4/29,2936.92,2946.46,2776.63,2817.13
2022/4/30,2817.13,2841.63,2709.26,2726.66
2022/5/1,2726.67,2849.9,2716.13,2824.81
2022/5/2,2824.81,2894.22,2778.78,2856.54
2022/5/3,2856.54,2861.47,2755.19,2781.7
2022/5/4,2781.7,2965.85,2771.74,2940.64
2022/5/5,2940.65,2954.65,2683,2747.97
2022/5/6,2747.96,2758.18,2632.95,2692.85
2022/5/7,2692.86,2704.36,2584.75,2635.34
2022/5/8,2635.35,2642,2484,2519.71
2022/5/9,2519.71,2530.78,2225,2228.55
2022/5/10,2229,2457.34,2200,2342.05
2022/5/11,2342.04,2451.37,2005,2084.99
2022/5/12,2084.99,2195,1800,1960.22
2022/5/13,1960.22,2147.54,1940.23,2009.69
2022/5/14,2009.69,2070.06,1951.21,2056.48
2022/5/15,2056.47,2167,2000.68,2145.29
2022/5/16,2145.29,2145.29,1979.12,2023.66
2022/5/17,2023.66,2122.42,2008,2090.72
2022/5/18,2090.72,2110.72,1908,1915.11
2022/5/19,1915.11,2040.39,1903.18,2019.55
2022/5/20,2019.55,2064,1923,1959.08
2022/5/21,1959.08,1990.86,1937.36,1975.07
2022/5/22,1975.06,2056.41,1966.33,2043.19
2022/5/23,2043.19,2088.5,1957.12,1973.32
2022/5/24,1973.33,1993.83,1913.02,1979.41
2022/5/25,1979.4,2022.34,1934.61,1942.63
2022/5/26,1942.64,1966.01,1735,1792.23
2022/5/27,1792.24,1822.26,1703,1727.27
2022/5/28,1727.26,1808.98,1722.26,1792.22
2022/5/29,1792.21,1827.4,1759.96,1813.64
2022/5/30,1813.64,2013,1803.18,1998.78
2022/5/31,1998.78,2016.45,1925,1941.9
2022/6/1,1941.9,1972.58,1763.75,1817.95
2022/6/2,1817.96,1853.05,1782.42,1834.08
2022/6/3,1834.09,1843.91,1737,1775.12
2022/6/4,1775.13,1816,1748.43,1804.58
2022/6/5,1804.58,1830.17,1773.05,1806.23
2022/6/6,1806.22,1920,1804.35,1859.84
2022/6/7,1859.84,1874.98,1725.13,1813.33
2022/6/8,1813.33,1838.77,1765.28,1791.88
2022/6/9,1791.88,1833,1777.33,1788.81
2022/6/10,1788.8,1804.32,1655.93,1662.91
2022/6/11,1662.91,1682.21,1496.74,1532.89
2022/6/12,1532.89,1547,1423,1434.84
2022/6/13,1434.84,1455,1165.45,1209.82
2022/6/14,1209.35,1268.45,1075.8,1208.9
2022/6/15,1208.9,1250,1014.4,1237.52
2022/6/16,1237.53,1257.85,1051.55,1068.5
2022/6/17,1068.5,1118,1051.11,1086.94
2022/6/18,1086.93,1097.58,881.56,995.13
2022/6/19,995.12,1158.62,936.15,1128.53
2022/6/20,1128.53,1170,1053,1128.24
2022/6/21,1128.24,1194,1109.23,1125.85
2022/6/22,1125.86,1127.33,1043.65,1050.19
2022/6/23,1050.19,1155,1045.3,1144.72
2022/6/24,1144.71,1245.43,1132,1225.02
2022/6/25,1225.02,1256.77,1180,1242.36
2022/6/26,1242.31,1280,1194.6,1197.79
2022/6/27,1197.79,1238.93,1172.49,1192.51
2022/6/28,1192.51,1237.99,1136.32,1144.05
2022/6/29,1144.05,1156.8,1087.42,1100.21
2022/6/30,1100.21,1106.62,998,1071.01
2022/7/1,1071.02,1117,1033.44,1059.73
2022/7/2,1059.73,1078.88,1028.29,1067.01
2022/7/3,1067.01,1088.34,1040.78,1074.26
2022/7/4,1074.26,1160.9,1045.37,1151
2022/7/5,1151.01,1174.9,1076.34,1132.5
2022/7/6,1132.51,1205,1111.44,1186.57
2022/7/7,1186.57,1254.29,1163.18,1237.49
2022/7/8,1237.49,1276.46,1193.15,1214.04
2022/7/9,1214.03,1235.4,1204.67,1217.02
2022/7/10,1217.02,1219.95,1153,1168.36
2022/7/11,1168.37,1171.29,1091.71,1096.4
2022/7/12,1096.37,1098.26,1033.46,1038.58
2022/7/13,1038.58,1119.18,1006.32,1115
2022/7/14,1115.01,1214.65,1072.11,1193.42
2022/7/15,1193.42,1287.82,1181.05,1231.25
2022/7/16,1231.25,1422.91,1191.23,1355.85
2022/7/17,1355.84,1387,1319.04,1338.65
2022/7/18,1338.65,1597.47,1336.07,1581.04
2022/7/19,1581.03,1631,1493.11,1542.32
2022/7/20,1542.33,1620.4,1484.23,1521.58
2022/7/21,1521.63,1605.98,1463.56,1575.45
2022/7/22,1575.45,1650.05,1516.11,1535.27
2022/7/23,1535.27,1596.51,1488,1548.67
2022/7/24,1548.66,1664.34,1545.67,1597.7
2022/7/25,1597.7,1609.55,1435.58,1440.79
2022/7/26,1440.79,1454.11,1356.17,1449.12
2022/7/27,1449.12,1644.44,1420.83,1635.74
2022/7/28,1635.74,1784.79,1593.27,1724.52
2022/7/29,1724.52,1765.99,1655.02,1721.68
2022/7/30,1721.68,1744.85,1673.01,1697
2022/7/31,1697,1754.69,1666,1678.12
2022/8/1,1678.12,1704.68,1606.12,1630.28
2022/8/2,1630.28,1678,1559.28,1630.91
2022/8/3,1630.91,1685.03,1589.71,1618.16
2022/8/4,1618.16,1662.79,1580.39,1607.96
2022/8/5,1607.97,1742.07,1605.64,1736.81
2022/8/6,1736.81,1749.93,1685.26,1690.6
2022/8/7,1690.6,1729.79,1668,1700.19
2022/8/8,1700.2,1818,1693.87,1777.05
2022/8/9,1777.05,1790.83,1667.93,1702.76
2022/8/10,1702.76,1885,1656.78,1853.57
2022/8/11,1853.58,1942,1850.32,1880.19
2022/8/12,1880.19,1964.71,1853.06,1958.28
2022/8/13,1958.28,2020,1946.5,1983.55
2022/8/14,1983.55,2030,1906,1935.31
2022/8/15,1935.32,2012.47,1872.31,1899.06
2022/8/16,1899.05,1915,1853,1876.67
2022/8/17,1876.67,1959.43,1818.74,1834.25
2022/8/18,1834.24,1882.37,1821.25,1846.39
2022/8/19,1846.39,1848,1602.37,1609.01
2022/8/20,1609,1657.08,1523.67,1576.04
2022/8/21,1576.03,1646.52,1562.34,1618.13
2022/8/22,1618.13,1629.72,1529.92,1624.66
2022/8/23,1624.65,1676.07,1563.76,1665.41
2022/8/24,1665.4,1694.13,1604.92,1656.56
2022/8/25,1656.56,1722,1653.68,1695.11
2022/8/26,1695.11,1706.45,1486.85,1508.18
2022/8/27,1508.18,1518.42,1447.52,1491.06
2022/8/28,1491.06,1511,1424,1426.76
2022/8/29,1426.76,1559.99,1422.08,1551.8
2022/8/30,1551.79,1606.13,1473.61,1524.59
2022/8/31,1524.59,1619.78,1524.59,1554.1
2022/9/1,1554.11,1599,1512.77,1586.16
2022/9/2,1586.17,1650,1546.41,1575.35
2022/9/3,1575.35,1582.71,1534.28,1557.46
2022/9/4,1557.45,1583.66,1540.66,1579.28
2022/9/5,1579.29,1631.99,1556.56,1617.8
2022/9/6,1617.8,1687.4,1555,1559.01
2022/9/7,1559.01,1657.5,1490.66,1630
2022/9/8,1630,1663.56,1595.06,1635.37
2022/9/9,1635.37,1746.13,1630.51,1718.23
2022/9/10,1718.24,1789,1706.03,1774.12
2022/9/11,1774.12,1789,1720.1,1766.11
2022/9/12,1766.12,1783,1693,1716.37
2022/9/13,1716.37,1760.51,1560.54,1574.4
2022/9/14,1574.4,1647.01,1552.38,1638.39
2022/9/15,1638.4,1655.2,1458,1472.75
2022/9/16,1472.76,1483.35,1405.52,1433.9
2022/9/17,1433.9,1476.13,1409.12,1468.83
2022/9/18,1468.82,1469.63,1325.55,1334.51
2022/9/19,1334.51,1393.35,1280,1375.98
2022/9/20,1375.98,1384.78,1312.71,1322.93
2022/9/21,1322.94,1408.9,1220,1245.78
2022/9/22,1245.79,1350.08,1237.32,1326.46
2022/9/23,1326.47,1360,1262.15,1327.25
2022/9/24,1327.24,1349.33,1306.52,1317.13
2022/9/25,1317.13,1337,1269.27,1294.63
2022/9/26,1294.62,1340.42,1277.85,1336.17
2022/9/27,1336.17,1400,1303.75,1328.02
2022/9/28,1328.01,1355.7,1253.2,1337.2
2022/9/29,1337.2,1352.02,1288.52,1335.7
2022/9/30,1335.69,1373.19,1313.35,1328.72
2022/10/1,1328.71,1333.69,1302.68,1311.79
2022/10/2,1311.79,1317.93,1270,1276.72
2022/10/3,1276.72,1329.9,1263.04,1323.09
2022/10/4,1323.1,1369.55,1318.66,1361.49
2022/10/5,1361.5,1364.77,1316.29,1352.2
2022/10/6,1352.2,1383.99,1345.01,1352.06
2022/10/7,1352.07,1361.75,1317.26,1331.1
2022/10/8,1331.1,1337.35,1303.51,1315.48
2022/10/9,1315.48,1329,1307.26,1323.13
2022/10/10,1323.13,1338,1288,1290.03
2022/10/11,1290.03,1298,1267.01,1280.11
2022/10/12,1280.11,1306.87,1275.25,1294.44
2022/10/13,1294.44,1301.58,1190,1287.08
2022/10/14,1287.08,1343.12,1283.39,1296.27
2022/10/15,1296.26,1301.69,1263.64,1274.92
2022/10/16,1274.93,1315.35,1274.67,1305.95
2022/10/17,1305.96,1338.57,1295.64,1331.4
2022/10/18,1331.39,1341.73,1286.72,1310.71
2022/10/19,1310.71,1313.5,1280.31,1285.09
2022/10/20,1285.09,1310.87,1270.36,1282.57
2022/10/21,1282.57,1306.97,1252.65,1299.75
2022/10/22,1299.76,1320.2,1294.32,1313.61
2022/10/23,1313.62,1371.55,1299.44,1364.2
2022/10/24,1364.19,1370.6,1324.17,1343.61
2022/10/25,1343.61,1525.16,1334.94,1459.74
2022/10/26,1459.74,1594.99,1457.44,1566.1
2022/10/27,1566.11,1578.58,1503.2,1514.05
2022/10/28,1514.04,1574.9,1479.82,1554.41
2022/10/29,1554.4,1663.06,1547.66,1619.55
2022/10/30,1619.55,1640.06,1576.56,1590.44
2022/10/31,1590.45,1635.8,1545.43,1572.69
2022/11/1,1572.69,1612.92,1563.69,1578.48
2022/11/2,1578.47,1621.68,1502.32,1518.34
2022/11/3,1518.33,1559.01,1515.17,1531.01
2022/11/4,1531.01,1680,1528.4,1644.78
2022/11/5,1644.78,1666.97,1621.42,1626.98
2022/11/6,1626.98,1639.02,1564.39,1568.29
2022/11/7,1568.25,1608.04,1545.03,1568.1
2022/11/8,1568.09,1579.98,1233,1334.77
2022/11/9,1334.78,1337.16,1073.53,1102.73
2022/11/10,1102.73,1350,1085.93,1299.28
2022/11/11,1299.28,1310,1201.26,1289.28
2022/11/12,1289.35,1292.16,1238.7,1257.25
2022/11/13,1257.25,1274.23,1200.66,1221.49
2022/11/14,1221.5,1291.2,1171.13,1243.28
2022/11/15,1243.29,1291,1234.01,1253.23
2022/11/16,1253.22,1268.67,1187.06,1216.17
2022/11/17,1216.16,1228.22,1181.05,1200.43
2022/11/18,1200.42,1234,1199.18,1212.58
2022/11/19,1212.58,1235,1197.67,1217.67
2022/11/20,1217.67,1227.07,1132.65,1142.21
2022/11/21,1142.21,1146.99,1079.76,1107.34
2022/11/22,1107.34,1146.13,1075,1139.6
2022/11/23,1139.59,1190,1127.75,1184.52
2022/11/24,1184.52,1217.71,1180.6,1203.73
2022/11/25,1203.72,1207.77,1171.2,1199.3
2022/11/26,1199.29,1235.66,1196.2,1205.6
2022/11/27,1205.61,1223.33,1188.65,1193.88
2022/11/28,1193.88,1199.25,1151.02,1167.77
2022/11/29,1167.77,1228.37,1158.27,1216.49
2022/11/30,1216.49,1309.77,1212.5,1294.46
2022/12/1,1294.46,1299.9,1262.77,1276.41
2022/12/2,1276.4,1297.18,1265.24,1295.59
2022/12/3,1295.58,1309,1236.26,1240.51
2022/12/4,1240.5,1287.19,1240.1,1279.41
2022/12/5,1279.4,1305.11,1246.61,1259.41
2022/12/6,1259.41,1274.76,1241.56,1271.32
2022/12/7,1271.31,1278.69,1218.01,1231.18
2022/12/8,1231.18,1292.58,1222.01,1280.18
2022/12/9,1280.18,1296.64,1250,1263.1
2022/12/10,1263.11,1283.61,1259.6,1266.35
2022/12/11,1266.35,1284.75,1255.85,1263.01
2022/12/12,1263,1278.9,1240.03,1275.4
2022/12/13,1275.41,1349,1255.1,1320.69
2022/12/14,1320.69,1352.72,1301,1307.44
2022/12/15,1307.45,1311.14,1259.27,1266.54
2022/12/16,1266.53,1280.06,1155.32,1166.83
2022/12/17,1166.82,1190.03,1161.92,1187.16
2022/12/18,1187.16,1199.54,1170.32,1183.06
2022/12/19,1183.06,1195,1150.51,1167.82
2022/12/20,1167.82,1230.47,1163.12,1216.94
2022/12/21,1216.95,1223.39,1203.02,1213.78
2022/12/22,1213.78,1237.99,1182.54,1217.71
2022/12/23,1217.72,1231.99,1210,1219.99
2022/12/24,1219.98,1227.99,1214.69,1220.41
2022/12/25,1220.42,1225,1193.18,1218.51
2022/12/26,1218.52,1231.09,1211.67,1228.11
2022/12/27,1228.12,1233.73,1200.58,1211.55
2022/12/28,1211.55,1215.78,1181.06,1190.15
2022/12/29,1190.15,1206.57,1186.77,1200.49
2022/12/30,1200.48,1202.15,1181.08,1199.99
2022/12/31,1199.98,1208.46,1191.66,1196.13
2023/1/1,1196.13,1204.67,1190.57,1200.34
2023/1/2,1200.33,1224.29,1193,1214
2023/1/3,1213.99,1219.89,1204.93,1214.55
2023/1/4,1214.56,1272.6,1212.71,1256.9
2023/1/5,1256.91,1259.95,1242.81,1251.24
2023/1/6,1251.25,1276.7,1236,1269.14
2023/1/7,1269.13,1271.09,1261.3,1264.07
2023/1/8,1264.06,1296,1257.77,1290.16
2023/1/9,1290.15,1344.91,1285.44,1320.39
2023/1/10,1320.4,1347.69,1316.8,1335.62
2023/1/11,1335.63,1398,1321.04,1389.39
2023/1/12,1389.4,1438,1361.92,1415.92
2023/1/13,1415.91,1464,1401.03,1451.2
2023/1/14,1451.21,1599.98,1449.14,1549.9
2023/1/15,1549.91,1566.66,1516.03,1552.52
2023/1/16,1552.52,1604.5,1521.31,1576.94
2023/1/17,1576.94,1609,1541.15,1565.57
2023/1/18,1565.56,1610,1501.39,1511.43
2023/1/19,1511.44,1564.43,1509.15,1551.09
2023/1/20,1551.09,1669.9,1542.02,1658.52
2023/1/21,1658.53,1679.26,1616.21,1626.66
2023/1/22,1626.65,1663.89,1604,1627.44
2023/1/23,1627.43,1648.09,1585.29,1626.29
2023/1/24,1626.28,1641.46,1535,1555.97
2023/1/25,1555.97,1641,1518,1611.94
2023/1/26,1611.95,1632.84,1577.43,1601.09
2023/1/27,1601.08,1621,1552.54,1597.62
2023/1/28,1597.61,1606.83,1555.99,1572.1
2023/1/29,1572.1,1660,1566.33,1644.72
2023/1/30,1644.73,1647.53,1535,1566.2
2023/1/31,1566.21,1605.18,1561.63,1585.33
2023/2/1,1585.32,1647.77,1555.18,1641.68
2023/2/2,1641.67,1714.68,1626.85,1643.12
2023/2/3,1643.12,1676,1625.93,1663.52
2023/2/4,1663.52,1695.29,1645.43,1666.38
2023/2/5,1666.39,1673.81,1609.3,1629.02
2023/2/6,1629.01,1658.56,1605.01,1614.29
2023/2/7,1614.28,1678.37,1613.14,1671.03
2023/2/8,1671.03,1697.91,1630.47,1650.43
2023/2/9,1650.42,1656.17,1524.4,1545.35
2023/2/10,1545.35,1555.01,1490,1513.06
2023/2/11,1513.05,1543,1505,1538.51
2023/2/12,1538.5,1548.02,1493.08,1514.83
2023/2/13,1514.82,1526.1,1461.93,1505.24
2023/2/14,1505.25,1569,1482.66,1555.71
2023/2/15,1555.7,1680,1542.55,1674.92
2023/2/16,1674.92,1742.97,1633.72,1637.84
2023/2/17,1637.83,1722,1630.51,1693.87
2023/2/18,1693.81,1713.13,1679.77,1691.62
2023/2/19,1691.62,1726.59,1666.14,1679.75
2023/2/20,1679.74,1719.89,1650.56,1703.27
2023/2/21,1703.27,1716.66,1636.3,1659.76
2023/2/22,1659.77,1666.95,1595.07,1643.14
2023/2/23,1643.15,1679,1628.75,1650.53
2023/2/24,1650.52,1664.66,1575.64,1607.8
2023/2/25,1607.8,1608.98,1557.33,1594.58
2023/2/26,1594.58,1651.26,1587.76,1641.36
2023/2/27,1641.37,1665.22,1608,1633.45
2023/2/28,1633.45,1647.52,1596.66,1605.23
2023/3/1,1605.24,1669.72,1595,1665.22
2023/3/2,1665.23,1677.86,1619.18,1647.86
2023/3/3,1647.86,1649.25,1544.39,1569.45
2023/3/4,1569.45,1577.53,1549.12,1566.73
2023/3/5,1566.74,1588.77,1553.05,1564.58
2023/3/6,1564.57,1583.49,1554.44,1565.84
2023/3/7,1565.84,1584.49,1536.14,1561.96
2023/3/8,1561.95,1570.89,1523.61,1532.38
2023/3/9,1532.38,1546.45,1408,1437.32
2023/3/10,1437.32,1439.43,1368.39,1426.44
2023/3/11,1426.43,1478.07,1408.4,1471.97
2023/3/12,1471.93,1594.19,1448.3,1580.33
2023/3/13,1580.33,1693.49,1565,1673.45
2023/3/14,1673.44,1780.02,1655.24,1699.4
2023/3/15,1699.41,1716.9,1611,1649.96
2023/3/16,1649.95,1691.42,1632.18,1673.73
2023/3/17,1673.73,1800,1662.65,1789.27
2023/3/18,1789.26,1841,1747.47,1758.84
2023/3/19,1758.84,1841.36,1757.92,1780.68
2023/3/20,1780.67,1803.05,1722,1732.78
2023/3/21,1732.77,1835,1717.01,1801.23
2023/3/22,1801.23,1819.98,1710.12,1734.33
2023/3/23,1734.34,1857.16,1729.35,1813.79
2023/3/24,1813.78,1818.99,1726.4,1749.57
2023/3/25,1749.57,1763.23,1713.09,1741.88
2023/3/26,1741.88,1801,1739.31,1773.88
2023/3/27,1773.88,1780.48,1686.13,1715.22
2023/3/28,1715.21,1795.73,1701.13,1772.99
2023/3/29,1773,1827.99,1772.48,1793.07
2023/3/30,1793.06,1829.69,1763,1793.61
2023/3/31,1793.6,1847.28,1777.91,1821.52
2023/4/1,1821.52,1842.83,1807.81,1820.79
2023/4/2,1820.8,1824.81,1771.7,1794.51
2023/4/3,1794.51,1839.99,1762.77,1810.51
2023/4/4,1810.51,1891.91,1802.01,1870.37
2023/4/5,1870.38,1942.98,1864.58,1908.69
2023/4/6,1908.68,1909.91,1853.7,1872.41
2023/4/7,1872.41,1882.61,1841.46,1863.72
2023/4/8,1863.73,1879.38,1847,1848.82
2023/4/9,1848.82,1873.99,1824.01,1858.92
2023/4/10,1858.91,1918.79,1846.4,1910.2
2023/4/11,1910.21,1937.37,1881.11,1889.86
2023/4/12,1889.86,1933,1852.65,1917.39
2023/4/13,1917.4,2023,1899.55,2012.01
2023/4/14,2012,2128.76,2009.22,2099.99
2023/4/15,2099.99,2111.85,2071.13,2090.6
2023/4/16,2090.61,2141.54,2072.72,2118.67
2023/4/17,2118.66,2120.51,2056.25,2074
2023/4/18,2073.99,2125,2051,2103.5
2023/4/19,2103.51,2104.6,1923.03,1933.73
2023/4/20,1933.74,1982.99,1914.43,1942.98
2023/4/21,1942.98,1957.27,1825,1848.78
2023/4/22,1848.77,1887.31,1841.64,1874.16
2023/4/23,1874.17,1882.01,1836.37,1862
2023/4/24,1862.01,1890,1806,1841.84
2023/4/25,1841.84,1877.86,1801.66,1866.1
2023/4/26,1866.1,1964.72,1785,1866.01
2023/4/27,1866.01,1940.96,1861.19,1908.68
2023/4/28,1908.68,1923.88,1873.94,1890.94
2023/4/29,1890.93,1918,1883.05,1907.8
2023/4/30,1907.79,1939,1866.16,1870.09
2023/5/1,1870.08,1886.49,1806.12,1830.73
2023/5/2,1830.73,1881.87,1822.94,1870.08
2023/5/3,1870.09,1916.52,1842.64,1905.12
2023/5/4,1905.12,1918.26,1866.71,1877.07
2023/5/5,1877.07,1998.36,1875.65,1993.3
2023/5/6,1993.3,2019,1860,1896.33
2023/5/7,1896.33,1933.33,1867.59,1870.4
2023/5/8,1870.41,1883.97,1810.73,1847.56
2023/5/9,1847.55,1861.88,1830.99,1846.52
2023/5/10,1846.53,1887.47,1790.51,1840.84
2023/5/11,1840.83,1842.02,1772.68,1794.3
2023/5/12,1794.31,1818.63,1740,1807.45
2023/5/13,1807.45,1817.03,1785.23,1795.11
2023/5/14,1795.12,1824,1789.82,1799.21
2023/5/15,1799.2,1846.7,1785.05,1816.2
2023/5/16,1816.21,1832.64,1796.2,1824.21
2023/5/17,1824.21,1837.5,1783.68,1822.12
2023/5/18,1822.12,1831.92,1771.12,1800.56
2023/5/19,1800.56,1829.54,1796.81,1812.32
2023/5/20,1812.31,1828.87,1807.06,1819.42
2023/5/21,1819.42,1828.98,1797.21,1804.91
2023/5/22,1804.91,1828.27,1792.01,1817.35
2023/5/23,1817.36,1872.5,1815.24,1854.05
2023/5/24,1854.06,1854.09,1777.6,1799.89
2023/5/25,1799.89,1818.81,1761.41,1805.6
2023/5/26,1805.61,1838.2,1796.99,1827.79
2023/5/27,1827.8,1836.12,1812.18,1829.89
2023/5/28,1829.89,1918.65,1823.6,1908.64
2023/5/29,1908.64,1927.62,1873.65,1892.6
2023/5/30,1892.6,1917,1881.19,1900.59
2023/5/31,1900.58,1907.13,1846.95,1873.63
2023/6/1,1873.63,1889.2,1840,1861.78
2023/6/2,1861.78,1910,1847.51,1906.68
2023/6/3,1906.69,1907.92,1881.6,1892.06
2023/6/4,1892.05,1914.63,1884.22,1890.01
2023/6/5,1890,1890.63,1778,1810.5
2023/6/6,1810.49,1898.29,1797.18,1884.64
2023/6/7,1884.65,1897.8,1821.18,1832.13
2023/6/8,1832.12,1861.28,1828.31,1845.64
2023/6/9,1845.65,1855,1827,1840.37
2023/6/10,1840.37,1844.99,1715.03,1751.53
2023/6/11,1751.52,1778.25,1738.72,1752.76
2023/6/12,1752.77,1759.33,1720,1742.57
2023/6/13,1742.57,1770.13,1724.22,1740.12
2023/6/14,1740.12,1750.03,1630.43,1650.95
2023/6/15,1650.95,1680.91,1626.01,1666.96
2023/6/16,1666.96,1729.5,1649.86,1717.92
2023/6/17,1717.91,1770,1714.26,1727.76
2023/6/18,1727.75,1747.84,1712,1720.95
2023/6/19,1720.95,1752.19,1698,1737.11
2023/6/20,1737.1,1796.99,1714.72,1791.99
2023/6/21,1791.99,1901,1787.38,1889.11
2023/6/22,1889.1,1933.17,1865.98,1872.01
2023/6/23,1872,1936.42,1861.01,1892.63
2023/6/24,1892.63,1906,1864.77,1874.96
2023/6/25,1874.95,1930,1868.83,1898.8
2023/6/26,1898.8,1909.1,1837.18,1858.97
2023/6/27,1858.97,1912.53,1855.19,1889.58
2023/6/28,1889.58,1890.19,1816.56,1828.02
2023/6/29,1828.03,1880,1827.84,1851.99
2023/6/30,1851.99,1948.6,1825.01,1933.79
2023/7/1,1933.8,1944.56,1909.44,1924.5
2023/7/2,1924.5,1959.2,1885.75,1937.48
2023/7/3,1937.49,1976.16,1933.55,1955.54
2023/7/4,1955.55,1967.08,1931.58,1936.2
2023/7/5,1936.19,1942.5,1894.51,1910.36
2023/7/6,1910.35,1958,1846,1846.17
2023/7/7,1846.17,1878,1826,1870.91
2023/7/8,1870.92,1876,1842.8,1865.24
2023/7/9,1865.24,1879.36,1856.15,1862.8
2023/7/10,1862.81,1905.5,1846.63,1880.4
2023/7/11,1880.41,1891.99,1862.38,1878.3
2023/7/12,1878.31,1902,1864.37,1871.82
2023/7/13,1871.82,2012.63,1862.59,2004.49
2023/7/14,2004.49,2029.11,1898.39,1937.83
2023/7/15,1937.82,1946.37,1926.23,1931.41
2023/7/16,1931.41,1943.55,1914,1922.11
2023/7/17,1922.12,1936.18,1873.26,1911.2
2023/7/18,1911.21,1917.19,1875.73,1897.21
2023/7/19,1897.21,1922.04,1882.17,1888.63
2023/7/20,1888.64,1929.05,1878,1891.59
2023/7/21,1891.59,1905.74,1884.64,1891.73
2023/7/22,1891.73,1897.35,1851.18,1866.52
2023/7/23,1866.52,1905.25,1857.82,1888.73
2023/7/24,1888.74,1890.86,1833.19,1850
2023/7/25,1850,1868.71,1845.45,1857.66
2023/7/26,1857.66,1888,1848.35,1872
2023/7/27,1871.99,1886.11,1854.84,1861.28
2023/7/28,1861.29,1883.39,1856.52,1874.19
2023/7/29,1874.2,1886.58,1869.54,1880.46
2023/7/30,1880.45,1885.3,1848.17,1861.79
2023/7/31,1861.79,1877.4,1851.02,1856.14
2023/8/1,1856.13,1875.62,1813.8,1873.47
2023/8/2,1873.48,1879.74,1821.21,1839.9
2023/8/3,1839.9,1859.12,1826,1835.81
2023/8/4,1835.81,1851.31,1815.74,1830.23
2023/8/5,1830.24,1839,1827.5,1836.48
2023/8/6,1836.48,1838.58,1825.86,1830.28
2023/8/7,1830.28,1847,1802,1829.1
2023/8/8,1829.1,1876.51,1826.33,1856.3
2023/8/9,1856.3,1871.99,1846.28,1855.35
2023/8/10,1855.36,1865.95,1845.38,1852.47
2023/8/11,1852.47,1857.26,1838.05,1848.84
2023/8/12,1848.84,1854.01,1846.08,1849.93
2023/8/13,1849.94,1862,1834.51,1840.73
2023/8/14,1840.73,1856.5,1835,1845.5
2023/8/15,1845.5,1847.36,1814,1828.98
2023/8/16,1828.98,1831.52,1798.17,1807.81
2023/8/17,1807.81,1809.99,1550,1681.49
2023/8/18,1681.49,1699.4,1641.02,1661.59
2023/8/19,1661.6,1696.72,1654.31,1669.67
2023/8/20,1669.68,1694.75,1662.03,1685.24
2023/8/21,1685.23,1688.59,1649.4,1667.55
2023/8/22,1667.56,1669.38,1580,1634.99
2023/8/23,1635,1702.11,1629.05,1679.61
2023/8/24,1679.61,1683.37,1635.28,1661.16
2023/8/25,1661.16,1677.22,1635.51,1653.8
2023/8/26,1653.79,1655.59,1644,1647.04
2023/8/27,1647.03,1660.24,1646.32,1658.33
2023/8/28,1658.33,1664.34,1621.75,1653.08
2023/8/29,1653.08,1745.84,1640,1729.42
2023/8/30,1729.41,1730.93,1694.34,1705.23
2023/8/31,1705.23,1729,1630,1645.76
2023/9/1,1645.77,1654.53,1602.33,1629.12
2023/9/2,1629.13,1645,1628.03,1637.03
2023/9/3,1637.02,1647.5,1625.14,1635.84
2023/9/4,1635.84,1644.82,1616.32,1630.51
2023/9/5,1630.52,1648.02,1609.69,1634.45
2023/9/6,1634.46,1670,1609.2,1633.15
2023/9/7,1633.15,1660,1623.4,1648.11
2023/9/8,1648.11,1658.93,1616.21,1636.44
2023/9/9,1636.43,1637.52,1629.74,1635.54
2023/9/10,1635.53,1635.7,1600,1617.42
2023/9/11,1617.42,1619,1531.01,1551.85
2023/9/12,1551.84,1626,1549.67,1592.97
2023/9/13,1592.97,1619.3,1581.88,1607.62
2023/9/14,1607.61,1644.29,1607.05,1626.47
2023/9/15,1626.48,1654.08,1611.42,1641.29
2023/9/16,1641.3,1653.17,1631.31,1634.4
2023/9/17,1634.4,1635,1612,1622.48
2023/9/18,1622.48,1669.5,1603.88,1636.66
2023/9/19,1636.66,1661.04,1626.32,1643.12
2023/9/20,1643.13,1649.34,1604.51,1622.26
2023/9/21,1622.27,1625.3,1567.77,1583.94
2023/9/22,1583.94,1602.68,1576.58,1593.08
2023/9/23,1593.07,1598.24,1587.45,1593.86
2023/9/24,1593.85,1601.12,1570.01,1580.71
2023/9/25,1580.71,1597.5,1563.01,1588.33
2023/9/26,1588.34,1599.78,1580.05,1594.01
2023/9/27,1594.02,1634.1,1583.5,1598.64
2023/9/28,1598.63,1668.21,1598.14,1652.99
2023/9/29,1653,1688,1648.37,1667.45
2023/9/30,1667.45,1694.32,1666.19,1670.89
2023/10/1,1670.89,1751,1668,1733.79
2023/10/2,1733.8,1744,1636.79,1662.4
2023/10/3,1662.41,1670.65,1643,1656.88
2023/10/4,1656.88,1657.66,1625,1646.58
2023/10/5,1646.58,1655.47,1606.73,1611.79
2023/10/6,1611.79,1662,1611.68,1645.03
2023/10/7,1645.03,1647.71,1630.03,1633.57
2023/10/8,1633.56,1641.4,1616.17,1632.84
2023/10/9,1632.85,1636,1546,1580.13
2023/10/10,1580.13,1594.9,1550.55,1567.63
2023/10/11,1567.62,1578.43,1544.26,1566.87
2023/10/12,1566.86,1568.56,1521,1539.61
2023/10/13,1539.61,1575.36,1537.76,1552.16
2023/10/14,1552.16,1561.72,1544.55,1554.94
2023/10/15,1554.94,1567.62,1547.44,1557.77
2023/10/16,1557.78,1639.43,1555.06,1599.42
2023/10/17,1599.41,1600.53,1551.08,1565.01
2023/10/18,1565.01,1585.42,1555.88,1563.44
2023/10/19,1563.45,1574.45,1541.61,1566.57
2023/10/20,1566.57,1630.4,1561.19,1603.89
2023/10/21,1603.88,1644.53,1592.36,1628.94
2023/10/22,1628.94,1667.8,1621.1,1663.7
2023/10/23,1663.69,1800,1657.07,1765.46
2023/10/24,1765.47,1854.38,1756.21,1784.98
2023/10/25,1784.98,1817.69,1760,1787.15
2023/10/26,1787.15,1865.54,1762.21,1803.38
2023/10/27,1803.39,1803.91,1744.66,1779.4
2023/10/28,1779.41,1803.23,1770,1776.2
2023/10/29,1776.21,1811.3,1762.66,1795.14
2023/10/30,1795.14,1829.84,1777.77,1809.04
2023/10/31,1809.03,1819.41,1780.99,1814.67
2023/11/1,1814.67,1857.66,1783.19,1846.99
2023/11/2,1846.99,1875,1785.01,1800.8
2023/11/3,1800.79,1834.58,1777.11,1832.71
2023/11/4,1832.7,1869.9,1824.03,1855.54
2023/11/5,1855.54,1912.67,1846.11,1891.71
2023/11/6,1891.71,1914.23,1868.48,1900.95
2023/11/7,1900.95,1906.99,1850.32,1885.27
2023/11/8,1885.26,1904.69,1872.51,1888.12
2023/11/9,1888.11,2132,1882.07,2121.32
2023/11/10,2121.33,2136.99,2064.61,2077.72
2023/11/11,2077.72,2089.6,2030.3,2053.17
2023/11/12,2053.16,2066.5,2012.1,2044.68
2023/11/13,2044.69,2118,2028.49,2053.65
2023/11/14,2053.65,2064.96,1936.6,1979.39
2023/11/15,1979.4,2062.4,1967.01,2058.48
2023/11/16,2058.49,2090.4,1939.1,1961.77
2023/11/17,1961.77,1991.5,1904,1960.82
2023/11/18,1960.82,1971.22,1916,1962.6
2023/11/19,1962.59,2015.75,1942.89,2011.47
2023/11/20,2011.47,2066.4,1990,2021.4
2023/11/21,2021.41,2034.6,1931.43,1933.01
2023/11/22,1933.01,2092.46,1928.41,2063.21
2023/11/23,2063.22,2088.94,2040.35,2062.2
2023/11/24,2062.21,2133.02,2059.37,2080.84
2023/11/25,2080.84,2090.54,2065.3,2083.09
2023/11/26,2083.1,2094.99,2036.42,2062.33
2023/11/27,2062.34,2071.24,1985.78,2027.5
2023/11/28,2027.5,2075,1995.15,2048.14
2023/11/29,2048.14,2075.7,2019.31,2028.81
2023/11/30,2028.8,2054.75,2020.85,2051.96
2023/12/1,2051.95,2110.87,2045.04,2087.24
2023/12/2,2087.24,2186.6,2086.25,2164.74
2023/12/3,2164.75,2217.27,2149,2192.95
2023/12/4,2192.96,2274.28,2191,2243.37
2023/12/5,2243.36,2309.72,2188.33,2293.33
2023/12/6,2293.33,2312.23,2220,2232.7
2023/12/7,2232.7,2382.8,2222,2355.73
2023/12/8,2355.74,2392,2336.34,2358.72
2023/12/9,2358.71,2403,2328.01,2340.49
2023/12/10,2340.48,2377.47,2320,2352.39
2023/12/11,2352.39,2355,2156.62,2225.12
2023/12/12,2225.11,2244.12,2166,2203.46
2023/12/13,2203.47,2284.02,2144.32,2260.16
2023/12/14,2260.16,2332.11,2228.2,2315.32
2023/12/15,2315.32,2317.81,2200,2220.5
2023/12/16,2220.51,2263.4,2210,2228.96
2023/12/17,2228.96,2248.68,2191.5,2196.52
2023/12/18,2196.53,2224,2116.6,2219.43
2023/12/19,2219.44,2255,2135.55,2177.91
2023/12/20,2177.9,2266,2156,2202.17
2023/12/21,2202.17,2279.31,2182.98,2239.61
2023/12/22,2239.6,2343.15,2230.59,2324.54
2023/12/23,2324.54,2330.65,2265,2308.2
2023/12/24,2308.2,2326.19,2245,2264.05
2023/12/25,2264.04,2304.8,2253.1,2271.35
2023/12/26,2271.36,2274.99,2178.45,2230.88
2023/12/27,2230.88,2392.44,2211.88,2378.35
2023/12/28,2378.35,2445.8,2335,2344.15
2023/12/29,2344.15,2385.41,2255.34,2299.2
2023/12/30,2299.2,2322.84,2268,2291.68
2023/12/31,2291.68,2321.34,2258.88,2281.87
2024/1/1,2281.87,2352.37,2265.24,2352.04
2024/1/2,2352.05,2431.3,2341,2355.34
2024/1/3,2355.35,2385.45,2100,2209.72
2024/1/4,2209.72,2294.69,2201.91,2267.11
2024/1/5,2267.11,2277.21,2206.17,2268.78
2024/1/6,2268.78,2270,2216.4,2240.78
2024/1/7,2240.77,2258.01,2203.46,2221.42
2024/1/8,2221.42,2358.2,2166.38,2330.44
2024/1/9,2330.43,2371.72,2226.78,2344.29
2024/1/10,2344.3,2643.1,2339.59,2584.38
2024/1/11,2584.37,2689.39,2566.01,2618.01
2024/1/12,2618.01,2717.32,2458,2522.54
2024/1/13,2522.55,2590,2497.5,2578.19
2024/1/14,2578.18,2578.69,2470,2472.87
2024/1/15,2472.87,2553.82,2470.92,2511.78
2024/1/16,2511.79,2614.43,2500.05,2587.4
2024/1/17,2587.41,2592.97,2506.75,2530.19
2024/1/18,2530.2,2550,2428.56,2470.81
2024/1/19,2470.81,2504.2,2415.2,2492
2024/1/20,2491.99,2492,2454.2,2472.01
2024/1/21,2472.02,2482.18,2452.13,2457.05
2024/1/22,2457.06,2466.1,2303.59,2314.2
2024/1/23,2314.19,2352.23,2168.07,2242.6
2024/1/24,2242.6,2264.6,2196.12,2235.02
2024/1/25,2235.02,2242.89,2171.3,2218.64
2024/1/26,2218.64,2282.36,2195.84,2267.68
2024/1/27,2267.67,2282.94,2251.4,2267.94
2024/1/28,2267.94,2308.24,2239.89,2256.9
2024/1/29,2256.9,2322.34,2233.8,2317.6
2024/1/30,2317.61,2391.98,2297,2343.01
2024/1/31,2343,2351.6,2263.57,2283.14
2024/2/1,2283.15,2311.72,2240,2304.28
2024/2/2,2304.28,2324.74,2281.94,2309.06
2024/2/3,2309.07,2329.98,2292.75,2296.49
2024/2/4,2296.5,2311,2266,2289.79
2024/2/5,2289.79,2338.41,2269.11,2301.83
2024/2/6,2301.84,2392.4,2299,2372.64
2024/2/7,2372.63,2444.44,2354,2425.1
2024/2/8,2425.09,2463.15,2411.01,2419.55
2024/2/9,2419.56,2525,2419.16,2486.56
2024/2/10,2486.56,2516.45,2471.57,2500.24
2024/2/11,2500.24,2539.63,2493.45,2507.21
2024/2/12,2507.22,2665.58,2472,2659.99
2024/2/13,2659.99,2686.12,2590,2639.99
2024/2/14,2639.99,2786,2618.4,2774.81
2024/2/15,2774.8,2867.65,2759.25,2822.59
2024/2/16,2822.58,2857.4,2740,2801.8
2024/2/17,2801.81,2804.21,2719.01,2785.93
2024/2/18,2785.92,2895,2764.25,2881.2
2024/2/19,2881.2,2984.52,2856.93,2944.8
2024/2/20,2944.8,3033.09,2874.56,3014.81
2024/2/21,3014.81,3017.15,2868,2967.9
2024/2/22,2967.91,3036.02,2906.51,2971.4
2024/2/23,2971.4,2993.8,2906.05,2922.24
2024/2/24,2922.25,3007.48,2906.4,2992.62
2024/2/25,2992.62,3122,2983.61,3112.59
2024/2/26,3112.6,3196,3036.59,3175.94
2024/2/27,3175.95,3288.14,3160.02,3242.36
2024/2/28,3242.35,3488,3176.16,3383.1
2024/2/29,3383.11,3522.81,3300,3340.09
2024/3/1,3340.1,3450,3338.54,3433.43
2024/3/2,3433.42,3460.04,3390.01,3421.4
2024/3/3,3421.39,3491.8,3360,3487.81
2024/3/4,3487.8,3640.94,3423.78,3627.76
2024/3/5,3627.75,3822.04,3200,3553.65
2024/3/6,3553.66,3900,3499.4,3818.59
2024/3/7,3818.58,3933.81,3735,3868.76
2024/3/8,3868.76,3993.75,3820,3883.36
2024/3/9,3883.37,3942,3870.01,3905.21
2024/3/10,3905.2,3964.67,3791.26,3878.47
2024/3/11,3878.47,4086.23,3722.95,4064.8
2024/3/12,4064.8,4093.92,3828.98,3979.96
2024/3/13,3979.97,4083,3932.23,4004.79
2024/3/14,4004.79,4010.98,3723,3881.7
2024/3/15,3881.69,3934.02,3570,3742.19
2024/3/16,3742.19,3781.12,3468.8,3523.09
2024/3/17,3523.09,3678.68,3412,3644.71
2024/3/18,3644.7,3645.02,3454.09,3520.46
2024/3/19,3520.47,3548.09,3150.88,3158.64
2024/3/20,3158.65,3535.24,3056.56,3516.53
2024/3/21,3516.53,3587.32,3412,3492.85
2024/3/22,3492.84,3542.52,3250,3336.35
2024/3/23,3336.35,3435.48,3270.08,3329.53
2024/3/24,3329.53,3471.22,3298.76,3454.98
2024/3/25,3454.99,3666,3420.12,3590.42
2024/3/26,3590.43,3678.86,3542.62,3587.33
2024/3/27,3587.32,3665.84,3460.02,3501.19
2024/3/28,3501.2,3611.78,3465,3560.49
2024/3/29,3560.49,3584.37,3445.91,3509.74
2024/3/30,3509.74,3565.81,3485,3505.64
2024/3/31,3505.65,3655.32,3505.09,3645.29
2024/4/1,3645.29,3645.95,3413.71,3503.8
2024/4/2,3503.8,3505.6,3212,3278.96
2024/4/3,3278.96,3367.4,3202.79,3310.83
2024/4/4,3310.83,3443.93,3250.92,3327.4
2024/4/5,3327.39,3350,3210,3317.85
2024/4/6,3317.85,3398.42,3306.68,3351.59
2024/4/7,3351.59,3459.94,3344.08,3454.2
2024/4/8,3454.2,3730.71,3406.36,3694.61
2024/4/9,3694.61,3727.34,3450.46,3506.39
2024/4/10,3506.4,3562.95,3411.82,3545.64
2024/4/11,3545.64,3618.3,3474.52,3502.52
2024/4/12,3502.52,3552.4,3100,3237.43
2024/4/13,3237.42,3301.9,2852,3007.01
2024/4/14,3007.01,3174.23,2906.73,3155.11
2024/4/15,3155.11,3277.85,3023.19,3101.99
2024/4/16,3102,3128.01,2986,3084.22
2024/4/17,3084.21,3123.75,2914.47,2985.41
2024/4/18,2985.41,3094.4,2950.98,3064.4
2024/4/19,3064.4,3128.89,2865.18,3056.46
2024/4/20,3056.45,3171.88,3018.75,3155.79
2024/4/21,3155.79,3197.18,3116.49,3147.67
2024/4/22,3147.66,3235,3129.15,3200.2
2024/4/23,3200.19,3263.61,3152,3219.46
2024/4/24,3219.46,3293.56,3104.9,3140.8
2024/4/25,3140.79,3191.64,3072.2,3155.8
2024/4/26,3155.81,3167.7,3102,3131.3
2024/4/27,3131.3,3285,3066.74,3255.56
2024/4/28,3255.55,3357.4,3250.45,3263.45
2024/4/29,3263.44,3286.95,3115.13,3216.73
2024/4/30,3216.74,3250.95,2921,3014.05
2024/5/1,3014.04,3023.24,2817,2972.46
2024/5/2,2972.46,3016.72,2893.26,2986.19
2024/5/3,2986.19,3126.99,2958.32,3102.61
2024/5/4,3102.61,3168,3092.85,3117.23
2024/5/5,3117.24,3171.93,3072.99,3136.41
2024/5/6,3136.4,3221.4,3046.35,3062.6
2024/5/7,3062.59,3129.85,2998,3005.69
2024/5/8,3005.69,3038.15,2936.48,2974.21
2024/5/9,2974.2,3059,2950.77,3036.23
2024/5/10,3036.24,3053.89,2878.03,2909.99
2024/5/11,2909.98,2945.67,2886.46,2912.45
2024/5/12,2912.45,2955.2,2901.17,2929.29
2024/5/13,2929.3,2996.4,2864.76,2950.99
2024/5/14,2950.99,2960.6,2862,2881.93
2024/5/15,2881.93,3041.36,2863.75,3032.55
2024/5/16,3032.55,3041.24,2922.8,2944.7
2024/5/17,2944.7,3120,2933.06,3092.01
2024/5/18,3092,3146.98,3083.61,3122.94
2024/5/19,3122.94,3136.64,3053.38,3071.19
2024/5/20,3071.2,3694,3047.67,3661.78
2024/5/21,3661.79,3841.54,3624.28,3789.6
2024/5/22,3789.59,3813.69,3653.15,3737.73
2024/5/23,3737.72,3949.29,3498,3783.61
2024/5/24,3783.6,3829.61,3626.1,3728.28
2024/5/25,3728.28,3779.43,3709.03,3749.26
2024/5/26,3749.25,3884.2,3731.17,3826.47
2024/5/27,3826.47,3977,3823.37,3894.22
2024/5/28,3894.21,3931.09,3773.9,3844.69
2024/5/29,3844.69,3888.55,3742.59,3767.43
2024/5/30,3767.44,3825.35,3702.58,3747.91
2024/5/31,3747.9,3849.94,3723.75,3762.29
2024/6/1,3762.29,3833.3,3752.67,3815.82
2024/6/2,3815.82,3838.59,3752.62,3780.91
2024/6/3,3780.92,3849.99,3758.43,3767.06
2024/6/4,3767.07,3831.65,3730,3810.23
2024/6/5,3810.23,3887.47,3777.33,3865.99
2024/6/6,3866,3878.6,3760,3813.46
2024/6/7,3813.47,3841.39,3600,3678.32
2024/6/8,3678.31,3709.5,3660.08,3681.57
2024/6/9,3681.58,3721.52,3666.36,3706.4
2024/6/10,3706.4,3713.67,3642.74,3667.85
2024/6/11,3667.85,3673,3432,3497.33
2024/6/12,3497.33,3659.01,3462.07,3560.12
2024/6/13,3560.13,3561.65,3428,3469.4
2024/6/14,3469.4,3532.61,3362.26,3481.8
2024/6/15,3481.8,3594.39,3473.1,3568.74
2024/6/16,3568.75,3653.79,3541.05,3624.41
2024/6/17,3624.41,3638.37,3463.39,3511.46
2024/6/18,3511.47,3517.2,3355,3483.42
2024/6/19,3483.42,3590.01,3465.65,3560.51
2024/6/20,3560.51,3625.96,3486,3513.08
2024/6/21,3513.08,3547.55,3446.82,3518.5
2024/6/22,3518.5,3521.19,3475.09,3495.75
2024/6/23,3495.76,3521.45,3406.38,3420.91
2024/6/24,3420.91,3435.76,3240,3352.73
2024/6/25,3352.74,3430.88,3336.76,3394.91
2024/6/26,3394.91,3426.75,3325.01,3371.44
2024/6/27,3371.77,3477,3361.74,3450.44
2024/6/28,3450.44,3487.7,3365.22,3380.15
2024/6/29,3380.15,3408.32,3371.86,3378.8
2024/6/30,3378.8,3460,3352.66,3438.16
2024/7/1,3438.16,3524.94,3423.78,3442.2
2024/7/2,3442.2,3464.12,3402,3421.35
2024/7/3,3421.35,3432.1,3251,3295.48
2024/7/4,3295.49,3313.45,3050.34,3059.7
2024/7/5,3059.7,3110,2810,2981.78
2024/7/6,2981.79,3081.78,2955.06,3066.83
2024/7/7,3066.83,3073.08,2922.24,2931
2024/7/8,2930.99,3097.06,2822.8,3019.01
2024/7/9,3019.01,3115.2,3004,3066.65
2024/7/10,3066.65,3151.51,3024,3101.05
2024/7/11,3101.06,3217.24,3054.76,3099.57
2024/7/12,3099.57,3157.89,3045.58,3133.88
2024/7/13,3133.89,3201.8,3113.37,3175.93
2024/7/14,3175.93,3268.72,3163.67,3245.08
2024/7/15,3245.2,3493.63,3233.22,3483.39
2024/7/16,3483.2,3498.59,3346.55,3444.13
2024/7/17,3444.14,3517,3376,3387.05
2024/7/18,3387.05,3489.98,3367.2,3426.5
2024/7/19,3426.49,3540.27,3377,3503.53
2024/7/20,3503.53,3539.65,3480,3517.5
2024/7/21,3517.5,3547,3411.4,3535.92
2024/7/22,3535.93,3562.82,3422.34,3439.6
2024/7/23,3439.61,3541,3389,3482.51
2024/7/24,3482.51,3487.82,3300,3335.81
2024/7/25,3335.82,3342.5,3087.53,3175.48
2024/7/26,3175.47,3286.36,3171,3274.61
2024/7/27,3274.6,3327.59,3191.01,3249.01
2024/7/28,3249,3284.3,3198.11,3270.16
2024/7/29,3270.16,3396.77,3258,3317.66
2024/7/30,3317.66,3366.4,3233.18,3279.21
2024/7/31,3279.2,3350,3213.75,3232.74
2024/8/1,3232.74,3242.57,3080.02,3203.4
2024/8/2,3203.4,3218.6,2967,2989.61
2024/8/3,2989.61,3018.02,2859,2903.64
2024/8/4,2903.65,2935.46,2630,2688.92
2024/8/5,2688.91,2697.44,2111,2419.59
2024/8/6,2419.76,2556.23,2414.19,2461.33
2024/8/7,2461.33,2551.32,2309.04,2342.8
2024/8/8,2342.79,2724.1,2320.4,2682.5
2024/8/9,2682.5,2707.98,2552.61,2598.78
2024/8/10,2598.79,2644.7,2576.49,2609.92
2024/8/11,2609.92,2720,2540,2555.38
2024/8/12,2555.38,2750,2510.05,2722.3
2024/8/13,2722.3,2738.4,2611.37,2702.44
2024/8/14,2702.44,2780,2632.2,2661.45
2024/8/15,2661.45,2675.6,2515.71,2569.89
2024/8/16,2569.9,2630.97,2550.04,2592.73
2024/8/17,2592.72,2629.69,2587.5,2614.51
2024/8/18,2614.51,2689.16,2594.53,2612.15
2024/8/19,2612.15,2648.08,2563.58,2636.36
2024/8/20,2636.36,2695,2555,2572.82
2024/8/21,2572.81,2663.74,2536.22,2630.71
2024/8/22,2630.71,2644.69,2584.2,2622.88
2024/8/23,2622.89,2799.13,2621.4,2762.48
2024/8/24,2762.49,2820,2731.26,2768
2024/8/25,2768.01,2792.28,2733.21,2746.13
2024/8/26,2746.12,2762,2666.66,2680.49
2024/8/27,2680.49,2699.98,2392.96,2457.33
2024/8/28,2457.33,2554.6,2418.8,2528.33
2024/8/29,2528.33,2595.4,2505.88,2527.61
2024/8/30,2527.6,2552.17,2431.14,2526
2024/8/31,2525.99,2533.95,2491.92,2513.01
2024/9/1,2513,2516.28,2400,2425.72
2024/9/2,2425.71,2564.83,2423.52,2538.01
2024/9/3,2538,2553.6,2411.12,2425.29
2024/9/4,2425.28,2490,2306.65,2450.71
2024/9/5,2450.71,2466,2348.04,2368.81
2024/9/6,2368.81,2408.83,2150.55,2225.23
2024/9/7,2225.24,2311.27,2220.98,2273.58
2024/9/8,2273.58,2333.58,2240.94,2297.3
2024/9/9,2297.3,2381.41,2272.8,2359.5
2024/9/10,2359.51,2400,2320.41,2388.52
2024/9/11,2388.52,2389.32,2277.68,2340.55
2024/9/12,2340.54,2391.93,2315.39,2361.76
2024/9/13,2361.75,2464.82,2337.35,2439.19
2024/9/14,2439.19,2440.6,2376.72,2417.79
2024/9/15,2417.8,2430.32,2283.75,2316.1
2024/9/16,2316.09,2335.7,2252.39,2295.68
2024/9/17,2295.67,2393.63,2263.29,2341.8
2024/9/18,2341.79,2376.14,2277.34,2374.75
2024/9/19,2374.74,2494.95,2372.6,2465.21
2024/9/20,2465.21,2571.93,2437.31,2561.4
2024/9/21,2561.4,2623.34,2528.97,2612.4
2024/9/22,2612.4,2632.57,2524.58,2581
2024/9/23,2580.99,2702.82,2539.49,2646.97
2024/9/24,2646.98,2670.96,2591.56,2653.2
2024/9/25,2653.2,2673.5,2554.05,2579.95
2024/9/26,2580.09,2666.22,2559.2,2632.26
2024/9/27,2632.25,2728.6,2615.21,2694.43
2024/9/28,2694.43,2704.35,2650,2675.21
2024/9/29,2675.21,2683.7,2629.73,2657.62
2024/9/30,2657.62,2663.5,2575,2602.23
2024/10/1,2602.24,2659,2414,2447.79
2024/10/2,2447.78,2499,2352,2364.1
2024/10/3,2364.09,2403.38,2310,2349.8
2024/10/4,2349.8,2441.64,2339.15,2414.41
2024/10/5,2414.41,2428.23,2390.05,2414.66
2024/10/6,2414.66,2457.8,2407,2440.03
2024/10/7,2440.02,2521,2403,2422.71
2024/10/8,2422.7,2466.66,2401.18,2440.89
2024/10/9,2440.88,2473.61,2351.42,2370.47
2024/10/10,2370.47,2421.36,2330.66,2386.49
2024/10/11,2386.49,2471.45,2381.86,2439.5
2024/10/12,2439.49,2490.51,2434.35,2476.4
2024/10/13,2476.4,2484.92,2436.4,2468.91
2024/10/14,2468.92,2654,2443.39,2629.79
2024/10/15,2629.79,2688.6,2537.36,2607.41
2024/10/16,2607.41,2647.79,2588.67,2611.1
2024/10/17,2611.1,2648.37,2575.4,2605.8
2024/10/18,2605.79,2675.58,2596.49,2642.17
2024/10/19,2642.17,2663.49,2631.02,2648.2
2024/10/20,2648.2,2759,2635.54,2746.91
2024/10/21,2746.91,2769.48,2655.01,2666.7
2024/10/22,2666.71,2671.92,2606.56,2622.81
2024/10/23,2622.81,2628.2,2450,2524.61
2024/10/24,2524.6,2562.65,2507.31,2535.82
2024/10/25,2535.82,2566.33,2382.59,2440.62
2024/10/26,2440.63,2508,2430.12,2482.51
2024/10/27,2482.51,2527.99,2464.13,2507.8
2024/10/28,2507.8,2589.67,2471.67,2567.48
2024/10/29,2567.49,2681.86,2561.2,2638.8
2024/10/30,2638.8,2722.3,2599.66,2659.19
2024/10/31,2659.19,2669,2503,2518.61
2024/11/1,2518.61,2586.8,2467.67,2511.49
2024/11/2,2511.49,2523.45,2470,2494.23
2024/11/3,2494.23,2496.39,2411,2457.73
2024/11/4,2457.73,2491.39,2357.59,2398.21
2024/11/5,2398.21,2480,2380.74,2422.55
2024/11/6,2422.6,2744.7,2420.3,2721.87
2024/11/7,2721.88,2916.11,2699.49,2895.47
2024/11/8,2895.47,2981.69,2886.4,2961.75
2024/11/9,2961.75,3157.4,2953.71,3126.21
2024/11/10,3126.2,3248.52,3069,3183.21
2024/11/11,3183.2,3387.61,3105,3371.59
2024/11/12,3371.59,3442.5,3207.67,3243.8
2024/11/13,3243.79,3331,3116.69,3187.16
2024/11/14,3187.16,3240.4,3028.56,3058.82
2024/11/15,3058.81,3131.06,3014.5,3090.01
2024/11/16,3090.01,3219.97,3072,3132.87
2024/11/17,3132.88,3162.11,3034.99,3076
2024/11/18,3075.99,3224.94,3050.01,3207.8
2024/11/19,3207.81,3221.2,3065.4,3107.44
2024/11/20,3107.45,3159.2,3029.41,3069.97
2024/11/21,3069.97,3386.73,3032.59,3355.81
2024/11/22,3355.88,3425.92,3257.54,3327.78
2024/11/23,3327.78,3497.51,3312.72,3393.91
2024/11/24,3393.91,3450,3281.4,3361.2
2024/11/25,3361.21,3546.66,3300.01,3414.49
2024/11/26,3414.49,3462.49,3252,3324.73
2024/11/27,3324.74,3684.92,3302.4,3653.28
2024/11/28,3653.27,3661.92,3529.76,3578.79
2024/11/29,3578.8,3647.98,3534.28,3592.21
2024/11/30,3592.22,3738.98,3568.4,3703.6
2024/12/1,3703.59,3746.8,3659.2,3707.61
2024/12/2,3707.61,3760,3554.32,3643.42
2024/12/3,3643.43,3670,3500,3614.51
2024/12/4,3614.51,3887.24,3614.51,3837.8
2024/12/5,3837.8,3956,3677,3785.2
2024/12/6,3785.21,4087.73,3777.26,3998.87
2024/12/7,3998.87,4024.46,3968,3996.22
2024/12/8,3996.22,4015.58,3923.5,4004.15
2024/12/9,4004.15,4006.17,3509,3712
2024/12/10,3712,3780.76,3515.89,3628.25
2024/12/11,3628.24,3848.64,3562.34,3831.81
2024/12/12,3831.82,3987.41,3796.8,3881.61
2024/12/13,3881.6,3968.47,3852.94,3906.8
2024/12/14,3906.8,3945,3825.03,3870.29
2024/12/15,3870.3,3974.61,3831.5,3959.09
2024/12/16,3959.09,4107.8,3884,3986.24
2024/12/17,3986.24,4041.82,3847.96,3893.01
2024/12/18,3893.01,3907.19,3617.42,3626.8
2024/12/19,3626.8,3720,3326.8,3417.01
2024/12/20,3417.01,3497.84,3101.9,3472.21
2024/12/21,3472.2,3555.18,3293.11,3338.92
2024/12/22,3338.92,3403,3221.1,3281.83
2024/12/23,3281.83,3466.99,3216.97,3422.53
2024/12/24,3422.53,3539.65,3358.19,3493.18
2024/12/25,3493.17,3547.95,3440.93,3497
2024/12/26,3497,3514.94,3304.63,3335.05
2024/12/27,3335.04,3444.16,3306.6,3333.51
2024/12/28,3333.51,3428.68,3322.23,3404
2024/12/29,3404.01,3413.78,3326.17,3356.48
2024/12/30,3356.48,3437.59,3305,3361.84
2024/12/31,3361.83,3451,3315.59,3337.78
2025/1/1,3337.78,3374.85,3313.88,3360.38
2025/1/2,3360.39,3509.99,3354.5,3455.67
2025/1/3,3455.68,3630,3423.44,3609.01
2025/1/4,3609,3671.6,3572.42,3656.88
2025/1/5,3656.88,3675.25,3593.7,3635.99
2025/1/6,3636,3744.83,3610.63,3687.45
2025/1/7,3687.44,3700.86,3356.31,3381.31
2025/1/8,3381.31,3415.1,3208.2,3327.29
2025/1/9,3327.29,3357.27,3158,3219.2
2025/1/10,3219.2,3322.49,3193.97,3267.04
2025/1/11,3267.05,3320.18,3217.56,3282.83
2025/1/12,3282.83,3300,3224.49,3267.3
2025/1/13,3267.3,3339,2920,3137.51
2025/1/14,3137.51,3256.67,3125.65,3225.63
2025/1/15,3225.63,3473.75,3186.36,3451.52
2025/1/16,3451.51,3460.79,3265.44,3308.05
2025/1/17,3308.04,3525.72,3307.5,3473.63
2025/1/18,3473.64,3494.39,3227,3307.71
2025/1/19,3307.71,3448.99,3130.48,3215.12
2025/1/20,3215.2,3453.69,3142.78,3284
2025/1/21,3283.99,3368,3204.6,3327.54
2025/1/22,3327.55,3365.99,3222.85,3242.6
2025/1/23,3242.61,3347.97,3185,3338.21
2025/1/24,3338.22,3428,3275.9,3310.09
2025/1/25,3310.1,3350.68,3268.66,3318.77
2025/1/26,3318.76,3362,3230,3232.61
2025/1/27,3232.61,3253.91,3020.01,3182.44
2025/1/28,3182.44,3223.01,3040.03,3077.72
2025/1/29,3077.72,3182.52,3054.06,3113.9
2025/1/30,3113.9,3283.43,3091.06,3247.39
2025/1/31,3247.38,3437.31,3213.8,3300.99
2025/2/1,3300.99,3331.98,3101.7,3117.54
2025/2/2,3117.54,3163.2,2750.71,2869.68
2025/2/3,2869.68,2921,2125.01,2879.9
2025/2/4,2879.89,2888.5,2632.6,2731.19
2025/2/5,2731.19,2826.95,2699.13,2788.25
2025/2/6,2788.25,2857.64,2655.28,2686.64
2025/2/7,2686.63,2797.5,2562.51,2622.1
2025/2/8,2622.11,2667.3,2588.8,2632.46
2025/2/9,2632.46,2698.9,2520.02,2627.18
2025/2/10,2627.18,2693.79,2559.85,2661.19
2025/2/11,2661.19,2725.04,2558.24,2602.59
2025/2/12,2602.59,2795.45,2546.92,2738.27
2025/2/13,2738.27,2757.28,2612.76,2675.87
2025/2/14,2675.87,2791.78,2664.46,2725.95
2025/2/15,2725.95,2739,2662.28,2693.04
2025/2/16,2693.04,2727.31,2651.26,2661.41
2025/2/17,2661.41,2849.7,2637.71,2744.05
2025/2/18,2744.05,2756.93,2605.44,2671.99
2025/2/19,2672,2736.7,2656.03,2715.5
2025/2/20,2715.51,2770.59,2707.18,2738.04
2025/2/21,2738.04,2845.32,2616.72,2663
2025/2/22,2663,2798.07,2653.33,2763.22
2025/2/23,2763.23,2857.34,2745.41,2819.69
2025/2/24,2819.7,2839.95,2470.33,2513.52
2025/2/25,2513.52,2533.49,2313.49,2495.7
2025/2/26,2495.69,2507.5,2253.77,2336.37
2025/2/27,2336.38,2381.6,2230.57,2307.72
2025/2/28,2307.72,2314.18,2076.26,2237.59
2025/3/1,2237.59,2281.14,2142.73,2217.39
2025/3/2,2217.4,2550.58,2172.04,2518.11
2025/3/3,2518.12,2523.56,2097.91,2149.01
2025/3/4,2149.02,2221.88,1993.2,2171.51
2025/3/5,2171.5,2273.51,2155.03,2241.59
2025/3/6,2241.59,2319.99,2176.9,2202.2
2025/3/7,2202.21,2258.47,2101.82,2141.6
2025/3/8,2141.6,2234.93,2105.06,2203.58
2025/3/9,2203.57,2212,1989.66,2020.41
2025/3/10,2020.43,2152.4,1810.01,1865.1
2025/3/11,1865.11,1963.2,1754.28,1923.43
2025/3/12,1923.42,1960,1829.72,1908.2
2025/3/13,1908.2,1923.09,1821.81,1864.59
2025/3/14,1864.59,1945.64,1861.31,1911.65
2025/3/15,1911.64,1957.19,1903.75,1937.17
2025/3/16,1937.18,1940.87,1860.38,1887
2025/3/17,1887.01,1952.4,1879.98,1926.31
2025/3/18,1926.3,1936.2,1872.31,1931.54
2025/3/19,1931.54,2069.9,1927.58,2056.06
2025/3/20,2056.05,2067.9,1952.17,1983.79
2025/3/21,1983.79,1996.73,1937.1,1965.75
2025/3/22,1965.74,2006.61,1964.34,1980.69
2025/3/23,1980.68,2020.74,1976.81,2005.99
2025/3/24,2005.99,2104.11,1977.67,2081.2
2025/3/25,2081.2,2097.7,2037.08,2066.15
2025/3/26,2066.16,2079.21,1981.6,2009.52
2025/3/27,2009.52,2037.38,1987.06,2003.66
2025/3/28,2003.67,2004,2000.38,2000.8